SUBJECT_ID;Q;Q_EFFICIENT;DELTA_Q;Q_OPTIMAL;DELTA_Q_OPTIMAL;FFS;CAP;MEDICAL_STUDENT;PHYSICIAN;SUBJECT_AGE;FEMALE_SUBJECT;PATIENT_SEVERITY;FEMALE_PATIENT;LIABILITY;LIAB_MEDICALSTUDENT;PHYSICIANS_FAMILY
1;10;3;7;3;7;1;0;0;0;23;0;1;1;0;0;0
1;1;3;-2;3;-2;0;1;0;0;23;0;1;1;0;0;0
1;7;5;2;5;2;1;0;0;0;23;0;2;0;1;0;0
1;7;5;2;7;0;0;1;0;0;23;0;3;0;1;0;0
1;8;3;5;3;5;1;0;0;0;23;0;1;1;1;0;0
1;8;5;3;5;3;0;1;0;0;23;0;2;0;1;0;0
1;2;5;-3;7;-5;0;1;0;0;23;0;3;1;0;0;0
1;6;5;1;7;-1;1;0;0;0;23;0;3;1;0;0;0
1;6;3;3;3;3;0;1;0;0;23;0;1;1;1;0;0
1;7;3;4;3;4;1;0;0;0;23;0;1;0;0;0;0
1;8;5;3;5;3;1;0;0;0;23;0;2;1;1;0;0
1;2;5;-3;5;-3;0;1;0;0;23;0;2;0;0;0;0
1;7;3;4;3;4;1;0;0;0;23;0;1;0;1;0;0
1;3;5;-2;5;-2;1;0;0;0;23;0;2;0;0;0;0
1;3;5;-2;7;-4;0;1;0;0;23;0;3;0;0;0;0
1;7;5;2;7;0;0;1;0;0;23;0;3;1;1;0;0
1;6;3;3;3;3;0;1;0;0;23;0;1;0;1;0;0
1;1;5;-4;5;-4;0;1;0;0;23;0;2;1;0;0;0
1;8;5;3;7;1;1;0;0;0;23;0;3;0;1;0;0
1;6;5;1;7;-1;1;0;0;0;23;0;3;0;0;0;0
1;1;3;-2;3;-2;0;1;0;0;23;0;1;0;0;0;0
1;6;5;1;5;1;0;1;0;0;23;0;2;1;1;0;0
1;7;5;2;5;2;1;0;0;0;23;0;2;1;0;0;0
1;9;5;4;7;2;1;0;0;0;23;0;3;1;1;0;0
2;2;3;-1;3;-1;0;1;0;0;23;1;1;1;0;0;0
2;4;3;1;3;1;1;0;0;0;23;1;1;1;0;0;0
2;8;5;3;5;3;1;0;0;0;23;1;2;0;1;0;0
2;6;5;1;7;-1;0;1;0;0;23;1;3;0;1;0;0
2;6;3;3;3;3;1;0;0;0;23;1;1;1;1;0;0
2;6;5;1;5;1;0;1;0;0;23;1;2;0;1;0;0
2;6;5;1;7;-1;0;1;0;0;23;1;3;1;0;0;0
2;8;5;3;7;1;1;0;0;0;23;1;3;1;0;0;0
2;4;3;1;3;1;0;1;0;0;23;1;1;1;1;0;0
2;5;3;2;3;2;1;0;0;0;23;1;1;0;0;0;0
2;8;5;3;5;3;1;0;0;0;23;1;2;1;1;0;0
2;3;5;-2;5;-2;0;1;0;0;23;1;2;0;0;0;0
2;6;3;3;3;3;1;0;0;0;23;1;1;0;1;0;0
2;5;5;0;5;0;1;0;0;0;23;1;2;0;0;0;0
2;7;5;2;7;0;0;1;0;0;23;1;3;1;1;0;0
2;5;5;0;7;-2;0;1;0;0;23;1;3;0;0;0;0
2;5;3;2;3;2;0;1;0;0;23;1;1;0;1;0;0
2;4;5;-1;5;-1;0;1;0;0;23;1;2;1;0;0;0
2;7;5;2;7;0;1;0;0;0;23;1;3;0;0;0;0
2;9;5;4;7;2;1;0;0;0;23;1;3;0;1;0;0
2;2;3;-1;3;-1;0;1;0;0;23;1;1;0;0;0;0
2;5;5;0;5;0;1;0;0;0;23;1;2;1;0;0;0
2;7;5;2;5;2;0;1;0;0;23;1;2;1;1;0;0
2;10;5;5;7;3;1;0;0;0;23;1;3;1;1;0;0
3;2;3;-1;3;-1;0;1;1;0;27;0;1;1;0;0;0
3;5;3;2;3;2;1;0;1;0;27;0;1;1;0;0;0
3;9;5;4;5;4;1;0;1;0;27;0;2;0;1;1;0
3;8;5;3;7;1;0;1;1;0;27;0;3;0;1;1;0
3;6;3;3;3;3;1;0;1;0;27;0;1;1;1;1;0
3;9;5;4;5;4;0;1;1;0;27;0;2;0;1;1;0
3;6;5;1;7;-1;0;1;1;0;27;0;3;1;0;0;0
3;7;5;2;7;0;1;0;1;0;27;0;3;1;0;0;0
3;4;3;1;3;1;1;0;1;0;27;0;1;0;0;0;0
3;9;3;6;3;6;0;1;1;0;27;0;1;1;1;1;0
3;4;5;-1;5;-1;0;1;1;0;27;0;2;0;0;0;0
3;7;5;2;5;2;1;0;1;0;27;0;2;1;1;1;0
3;6;3;3;3;3;1;0;1;0;27;0;1;0;1;1;0
3;7;5;2;5;2;1;0;1;0;27;0;2;0;0;0;0
3;5;5;0;7;-2;0;1;1;0;27;0;3;0;0;0;0
3;9;5;4;7;2;0;1;1;0;27;0;3;1;1;1;0
3;6;3;3;3;3;0;1;1;0;27;0;1;0;1;1;0
3;4;5;-1;5;-1;0;1;1;0;27;0;2;1;0;0;0
3;9;5;4;7;2;1;0;1;0;27;0;3;0;1;1;0
3;9;5;4;7;2;1;0;1;0;27;0;3;0;0;0;0
3;1;3;-2;3;-2;0;1;1;0;27;0;1;0;0;0;0
3;8;5;3;5;3;0;1;1;0;27;0;2;1;1;1;0
3;5;5;0;5;0;1;0;1;0;27;0;2;1;0;0;0
3;10;5;5;7;3;1;0;1;0;27;0;3;1;1;1;0
4;5;3;2;3;2;1;0;1;0;23;1;1;1;0;0;1
4;4;3;1;3;1;0;1;1;0;23;1;1;1;0;0;1
4;9;5;4;5;4;1;0;1;0;23;1;2;0;1;1;1
4;9;5;4;7;2;0;1;1;0;23;1;3;0;1;1;1
4;7;3;4;3;4;1;0;1;0;23;1;1;1;1;1;1
4;9;5;4;5;4;0;1;1;0;23;1;2;0;1;1;1
4;9;5;4;7;2;1;0;1;0;23;1;3;1;0;0;1
4;7;5;2;7;0;0;1;1;0;23;1;3;1;0;0;1
4;9;3;6;3;6;0;1;1;0;23;1;1;1;1;1;1
4;5;3;2;3;2;1;0;1;0;23;1;1;0;0;0;1
4;7;5;2;5;2;1;0;1;0;23;1;2;1;1;1;1
4;8;5;3;5;3;0;1;1;0;23;1;2;0;0;0;1
4;8;3;5;3;5;1;0;1;0;23;1;1;0;1;1;1
4;7;5;2;5;2;1;0;1;0;23;1;2;0;0;0;1
4;9;5;4;7;2;0;1;1;0;23;1;3;1;1;1;1
4;8;5;3;7;1;0;1;1;0;23;1;3;0;0;0;1
4;8;3;5;3;5;0;1;1;0;23;1;1;0;1;1;1
4;5;5;0;5;0;0;1;1;0;23;1;2;1;0;0;1
4;10;5;5;7;3;1;0;1;0;23;1;3;0;1;1;1
4;8;5;3;7;1;1;0;1;0;23;1;3;0;0;0;1
4;3;3;0;3;0;0;1;1;0;23;1;1;0;0;0;1
4;7;5;2;5;2;1;0;1;0;23;1;2;1;0;0;1
4;7;5;2;5;2;0;1;1;0;23;1;2;1;1;1;1
4;10;5;5;7;3;1;0;1;0;23;1;3;1;1;1;1
5;10;3;7;3;7;1;0;1;0;24;1;1;1;0;0;0
5;1;3;-2;3;-2;0;1;1;0;24;1;1;1;0;0;0
5;8;5;3;5;3;1;0;1;0;24;1;2;0;1;1;0
5;6;5;1;7;-1;0;1;1;0;24;1;3;0;1;1;0
5;8;3;5;3;5;1;0;1;0;24;1;1;1;1;1;0
5;5;5;0;5;0;0;1;1;0;24;1;2;0;1;1;0
5;3;5;-2;7;-4;0;1;1;0;24;1;3;1;0;0;0
5;8;5;3;7;1;1;0;1;0;24;1;3;1;0;0;0
5;4;3;1;3;1;0;1;1;0;24;1;1;1;1;1;0
5;7;3;4;3;4;1;0;1;0;24;1;1;0;0;0;0
5;9;5;4;5;4;1;0;1;0;24;1;2;1;1;1;0
5;2;5;-3;5;-3;0;1;1;0;24;1;2;0;0;0;0
5;8;3;5;3;5;1;0;1;0;24;1;1;0;1;1;0
5;8;5;3;5;3;1;0;1;0;24;1;2;0;0;0;0
5;6;5;1;7;-1;0;1;1;0;24;1;3;1;1;1;0
5;3;5;-2;7;-4;0;1;1;0;24;1;3;0;0;0;0
5;4;3;1;3;1;0;1;1;0;24;1;1;0;1;1;0
5;2;5;-3;5;-3;0;1;1;0;24;1;2;1;0;0;0
5;9;5;4;7;2;1;0;1;0;24;1;3;0;0;0;0
5;10;5;5;7;3;1;0;1;0;24;1;3;0;1;1;0
5;1;3;-2;3;-2;0;1;1;0;24;1;1;0;0;0;0
5;8;5;3;5;3;1;0;1;0;24;1;2;1;0;0;0
5;5;5;0;5;0;0;1;1;0;24;1;2;1;1;1;0
5;10;5;5;7;3;1;0;1;0;24;1;3;1;1;1;0
6;2;3;-1;3;-1;0;1;0;0;24;1;1;1;0;0;0
6;2;3;-1;3;-1;1;0;0;0;24;1;1;1;0;0;0
6;7;5;2;5;2;1;0;0;0;24;1;2;0;1;0;0
6;7;5;2;7;0;0;1;0;0;24;1;3;0;1;0;0
6;2;3;-1;3;-1;1;0;0;0;24;1;1;1;1;0;0
6;6;5;1;5;1;0;1;0;0;24;1;2;0;1;0;0
6;4;5;-1;7;-3;0;1;0;0;24;1;3;1;0;0;0
6;4;5;-1;7;-3;1;0;0;0;24;1;3;1;0;0;0
6;5;3;2;3;2;1;0;0;0;24;1;1;0;0;0;0
6;8;3;5;3;5;0;1;0;0;24;1;1;1;1;0;0
6;5;5;0;5;0;0;1;0;0;24;1;2;0;0;0;0
6;5;5;0;5;0;1;0;0;0;24;1;2;1;1;0;0
6;6;3;3;3;3;1;0;0;0;24;1;1;0;1;0;0
6;5;5;0;5;0;1;0;0;0;24;1;2;0;0;0;0
6;5;5;0;7;-2;0;1;0;0;24;1;3;0;0;0;0
6;8;5;3;7;1;0;1;0;0;24;1;3;1;1;0;0
6;4;3;1;3;1;0;1;0;0;24;1;1;0;1;0;0
6;4;5;-1;5;-1;0;1;0;0;24;1;2;1;0;0;0
6;7;5;2;7;0;1;0;0;0;24;1;3;0;1;0;0
6;7;5;2;7;0;1;0;0;0;24;1;3;0;0;0;0
6;1;3;-2;3;-2;0;1;0;0;24;1;1;0;0;0;0
6;5;5;0;5;0;1;0;0;0;24;1;2;1;0;0;0
6;8;5;3;5;3;0;1;0;0;24;1;2;1;1;0;0
6;10;5;5;7;3;1;0;0;0;24;1;3;1;1;0;0
7;3;3;0;3;0;1;0;0;0;28;1;1;1;0;0;0
7;2;3;-1;3;-1;0;1;0;0;28;1;1;1;0;0;0
7;9;5;4;5;4;1;0;0;0;28;1;2;0;1;0;0
7;9;5;4;7;2;0;1;0;0;28;1;3;0;1;0;0
7;9;3;6;3;6;1;0;0;0;28;1;1;1;1;0;0
7;9;5;4;5;4;0;1;0;0;28;1;2;0;1;0;0
7;7;5;2;7;0;0;1;0;0;28;1;3;1;0;0;0
7;8;5;3;7;1;1;0;0;0;28;1;3;1;0;0;0
7;4;3;1;3;1;1;0;0;0;28;1;1;0;0;0;0
7;8;3;5;3;5;0;1;0;0;28;1;1;1;1;0;0
7;9;5;4;5;4;1;0;0;0;28;1;2;1;1;0;0
7;4;5;-1;5;-1;0;1;0;0;28;1;2;0;0;0;0
7;8;3;5;3;5;1;0;0;0;28;1;1;0;1;0;0
7;6;5;1;5;1;1;0;0;0;28;1;2;0;0;0;0
7;7;5;2;7;0;0;1;0;0;28;1;3;0;0;0;0
7;9;5;4;7;2;0;1;0;0;28;1;3;1;1;0;0
7;8;3;5;3;5;0;1;0;0;28;1;1;0;1;0;0
7;4;5;-1;5;-1;0;1;0;0;28;1;2;1;0;0;0
7;8;5;3;7;1;1;0;0;0;28;1;3;0;0;0;0
7;9;5;4;7;2;1;0;0;0;28;1;3;0;1;0;0
7;1;3;-2;3;-2;0;1;0;0;28;1;1;0;0;0;0
7;7;5;2;5;2;1;0;0;0;28;1;2;1;0;0;0
7;9;5;4;5;4;0;1;0;0;28;1;2;1;1;0;0
7;10;5;5;7;3;1;0;0;0;28;1;3;1;1;0;0
8;2;3;-1;3;-1;1;0;0;0;27;0;1;1;0;0;0
8;1;3;-2;3;-2;0;1;0;0;27;0;1;1;0;0;0
8;5;5;0;5;0;1;0;0;0;27;0;2;0;1;0;0
8;7;5;2;7;0;0;1;0;0;27;0;3;0;1;0;0
8;3;3;0;3;0;1;0;0;0;27;0;1;1;1;0;0
8;6;5;1;5;1;0;1;0;0;27;0;2;0;1;0;0
8;7;5;2;7;0;1;0;0;0;27;0;3;1;0;0;0
8;7;5;2;7;0;0;1;0;0;27;0;3;1;0;0;0
8;3;3;0;3;0;1;0;0;0;27;0;1;0;0;0;0
8;3;3;0;3;0;0;1;0;0;27;0;1;1;1;0;0
8;5;5;0;5;0;1;0;0;0;27;0;2;1;1;0;0
8;4;5;-1;5;-1;0;1;0;0;27;0;2;0;0;0;0
8;3;3;0;3;0;1;0;0;0;27;0;1;0;1;0;0
8;4;5;-1;5;-1;1;0;0;0;27;0;2;0;0;0;0
8;7;5;2;7;0;0;1;0;0;27;0;3;0;0;0;0
8;10;5;5;7;3;0;1;0;0;27;0;3;1;1;0;0
8;3;3;0;3;0;0;1;0;0;27;0;1;0;1;0;0
8;3;5;-2;5;-2;0;1;0;0;27;0;2;1;0;0;0
8;10;5;5;7;3;1;0;0;0;27;0;3;0;1;0;0
8;7;5;2;7;0;1;0;0;0;27;0;3;0;0;0;0
8;2;3;-1;3;-1;0;1;0;0;27;0;1;0;0;0;0
8;4;5;-1;5;-1;1;0;0;0;27;0;2;1;0;0;0
8;6;5;1;5;1;0;1;0;0;27;0;2;1;1;0;0
8;10;5;5;7;3;1;0;0;0;27;0;3;1;1;0;0
9;3;3;0;3;0;0;1;0;0;26;0;1;1;0;0;1
9;3;3;0;3;0;1;0;0;0;26;0;1;1;0;0;1
9;6;5;1;5;1;1;0;0;0;26;0;2;0;1;0;1
9;7;5;2;7;0;0;1;0;0;26;0;3;0;1;0;1
9;4;3;1;3;1;1;0;0;0;26;0;1;1;1;0;1
9;6;5;1;5;1;0;1;0;0;26;0;2;0;1;0;1
9;7;5;2;7;0;0;1;0;0;26;0;3;1;0;0;1
9;7;5;2;7;0;1;0;0;0;26;0;3;1;0;0;1
9;4;3;1;3;1;0;1;0;0;26;0;1;1;1;0;1
9;3;3;0;3;0;1;0;0;0;26;0;1;0;0;0;1
9;5;5;0;5;0;0;1;0;0;26;0;2;0;0;0;1
9;6;5;1;5;1;1;0;0;0;26;0;2;1;1;0;1
9;6;3;3;3;3;1;0;0;0;26;0;1;0;1;0;1
9;5;5;0;5;0;1;0;0;0;26;0;2;0;0;0;1
9;8;5;3;7;1;0;1;0;0;26;0;3;1;1;0;1
9;7;5;2;7;0;0;1;0;0;26;0;3;0;0;0;1
9;5;3;2;3;2;0;1;0;0;26;0;1;0;1;0;1
9;5;5;0;5;0;0;1;0;0;26;0;2;1;0;0;1
9;7;5;2;7;0;1;0;0;0;26;0;3;0;0;0;1
9;8;5;3;7;1;1;0;0;0;26;0;3;0;1;0;1
9;3;3;0;3;0;0;1;0;0;26;0;1;0;0;0;1
9;3;5;-2;5;-2;1;0;0;0;26;0;2;1;0;0;1
9;6;5;1;5;1;0;1;0;0;26;0;2;1;1;0;1
9;9;5;4;7;2;1;0;0;0;26;0;3;1;1;0;1
10;3;3;0;3;0;0;1;0;0;26;0;1;1;0;0;0
10;3;3;0;3;0;1;0;0;0;26;0;1;1;0;0;0
10;6;5;1;5;1;1;0;0;0;26;0;2;0;1;0;0
10;9;5;4;7;2;0;1;0;0;26;0;3;0;1;0;0
10;5;3;2;3;2;1;0;0;0;26;0;1;1;1;0;0
10;7;5;2;5;2;0;1;0;0;26;0;2;0;1;0;0
10;2;5;-3;7;-5;0;1;0;0;26;0;3;1;0;0;0
10;2;5;-3;7;-5;1;0;0;0;26;0;3;1;0;0;0
10;4;3;1;3;1;0;1;0;0;26;0;1;1;1;0;0
10;4;3;1;3;1;1;0;0;0;26;0;1;0;0;0;0
10;5;5;0;5;0;0;1;0;0;26;0;2;0;0;0;0
10;7;5;2;5;2;1;0;0;0;26;0;2;1;1;0;0
10;5;3;2;3;2;1;0;0;0;26;0;1;0;1;0;0
10;5;5;0;5;0;1;0;0;0;26;0;2;0;0;0;0
10;8;5;3;7;1;0;1;0;0;26;0;3;1;1;0;0
10;7;5;2;7;0;0;1;0;0;26;0;3;0;0;0;0
10;5;3;2;3;2;0;1;0;0;26;0;1;0;1;0;0
10;5;5;0;5;0;0;1;0;0;26;0;2;1;0;0;0
10;7;5;2;7;0;1;0;0;0;26;0;3;0;0;0;0
10;8;5;3;7;1;1;0;0;0;26;0;3;0;1;0;0
10;3;3;0;3;0;0;1;0;0;26;0;1;0;0;0;0
10;9;5;4;5;4;0;1;0;0;26;0;2;1;1;0;0
10;3;5;-2;5;-2;1;0;0;0;26;0;2;1;0;0;0
10;8;5;3;7;1;1;0;0;0;26;0;3;1;1;0;0
11;1;3;-2;3;-2;1;0;0;0;25;0;1;1;0;0;1
11;2;3;-1;3;-1;0;1;0;0;25;0;1;1;0;0;1
11;6;5;1;5;1;1;0;0;0;25;0;2;0;1;0;1
11;8;5;3;7;1;0;1;0;0;25;0;3;0;1;0;1
11;4;3;1;3;1;1;0;0;0;25;0;1;1;1;0;1
11;6;5;1;5;1;0;1;0;0;25;0;2;0;1;0;1
11;6;5;1;7;-1;0;1;0;0;25;0;3;1;0;0;1
11;6;5;1;7;-1;1;0;0;0;25;0;3;1;0;0;1
11;4;3;1;3;1;0;1;0;0;25;0;1;1;1;0;1
11;3;3;0;3;0;1;0;0;0;25;0;1;0;0;0;1
11;6;5;1;5;1;1;0;0;0;25;0;2;1;1;0;1
11;3;5;-2;5;-2;0;1;0;0;25;0;2;0;0;0;1
11;4;3;1;3;1;1;0;0;0;25;0;1;0;1;0;1
11;6;5;1;5;1;1;0;0;0;25;0;2;0;0;0;1
11;8;5;3;7;1;0;1;0;0;25;0;3;1;1;0;1
11;4;5;-1;7;-3;0;1;0;0;25;0;3;0;0;0;1
11;4;3;1;3;1;0;1;0;0;25;0;1;0;1;0;1
11;3;5;-2;5;-2;0;1;0;0;25;0;2;1;0;0;1
11;8;5;3;7;1;1;0;0;0;25;0;3;0;1;0;1
11;9;5;4;7;2;1;0;0;0;25;0;3;0;0;0;1
11;2;3;-1;3;-1;0;1;0;0;25;0;1;0;0;0;1
11;6;5;1;5;1;1;0;0;0;25;0;2;1;0;0;1
11;7;5;2;5;2;0;1;0;0;25;0;2;1;1;0;1
11;8;5;3;7;1;1;0;0;0;25;0;3;1;1;0;1
12;2;3;-1;3;-1;0;1;0;0;21;0;1;1;0;0;0
12;2;3;-1;3;-1;1;0;0;0;21;0;1;1;0;0;0
12;4;5;-1;5;-1;1;0;0;0;21;0;2;0;1;0;0
12;7;5;2;7;0;0;1;0;0;21;0;3;0;1;0;0
12;2;3;-1;3;-1;1;0;0;0;21;0;1;1;1;0;0
12;5;5;0;5;0;0;1;0;0;21;0;2;0;1;0;0
12;6;5;1;7;-1;1;0;0;0;21;0;3;1;0;0;0
12;5;5;0;7;-2;0;1;0;0;21;0;3;1;0;0;0
12;3;3;0;3;0;0;1;0;0;21;0;1;1;1;0;0
12;1;3;-2;3;-2;1;0;0;0;21;0;1;0;0;0;0
12;3;5;-2;5;-2;0;1;0;0;21;0;2;0;0;0;0
12;4;5;-1;5;-1;1;0;0;0;21;0;2;1;1;0;0
12;3;3;0;3;0;1;0;0;0;21;0;1;0;1;0;0
12;4;5;-1;5;-1;1;0;0;0;21;0;2;0;0;0;0
12;5;5;0;7;-2;0;1;0;0;21;0;3;0;0;0;0
12;7;5;2;7;0;0;1;0;0;21;0;3;1;1;0;0
12;3;3;0;3;0;0;1;0;0;21;0;1;0;1;0;0
12;3;5;-2;5;-2;0;1;0;0;21;0;2;1;0;0;0
12;6;5;1;7;-1;1;0;0;0;21;0;3;0;0;0;0
12;7;5;2;7;0;1;0;0;0;21;0;3;0;1;0;0
12;1;3;-2;3;-2;0;1;0;0;21;0;1;0;0;0;0
12;4;5;-1;5;-1;1;0;0;0;21;0;2;1;0;0;0
12;6;5;1;5;1;0;1;0;0;21;0;2;1;1;0;0
12;8;5;3;7;1;1;0;0;0;21;0;3;1;1;0;0
13;2;3;-1;3;-1;0;1;0;0;21;1;1;1;0;0;1
13;2;3;-1;3;-1;1;0;0;0;21;1;1;1;0;0;1
13;4;5;-1;5;-1;1;0;0;0;21;1;2;0;1;0;1
13;8;5;3;7;1;0;1;0;0;21;1;3;0;1;0;1
13;3;3;0;3;0;1;0;0;0;21;1;1;1;1;0;1
13;5;5;0;5;0;0;1;0;0;21;1;2;0;1;0;1
13;6;5;1;7;-1;0;1;0;0;21;1;3;1;0;0;1
13;6;5;1;7;-1;1;0;0;0;21;1;3;1;0;0;1
13;2;3;-1;3;-1;0;1;0;0;21;1;1;1;1;0;1
13;2;3;-1;3;-1;1;0;0;0;21;1;1;0;0;0;1
13;4;5;-1;5;-1;0;1;0;0;21;1;2;0;0;0;1
13;3;5;-2;5;-2;1;0;0;0;21;1;2;1;1;0;1
13;2;3;-1;3;-1;1;0;0;0;21;1;1;0;1;0;1
13;4;5;-1;5;-1;1;0;0;0;21;1;2;0;0;0;1
13;7;5;2;7;0;0;1;0;0;21;1;3;0;0;0;1
13;8;5;3;7;1;0;1;0;0;21;1;3;1;1;0;1
13;2;3;-1;3;-1;0;1;0;0;21;1;1;0;1;0;1
13;4;5;-1;5;-1;0;1;0;0;21;1;2;1;0;0;1
13;8;5;3;7;1;1;0;0;0;21;1;3;0;0;0;1
13;8;5;3;7;1;1;0;0;0;21;1;3;0;1;0;1
13;2;3;-1;3;-1;0;1;0;0;21;1;1;0;0;0;1
13;5;5;0;5;0;0;1;0;0;21;1;2;1;1;0;1
13;4;5;-1;5;-1;1;0;0;0;21;1;2;1;0;0;1
13;8;5;3;7;1;1;0;0;0;21;1;3;1;1;0;1
14;3;3;0;3;0;1;0;0;0;28;1;1;1;0;0;0
14;3;3;0;3;0;0;1;0;0;28;1;1;1;0;0;0
14;7;5;2;5;2;1;0;0;0;28;1;2;0;1;0;0
14;3;5;-2;7;-4;0;1;0;0;28;1;3;0;1;0;0
14;5;3;2;3;2;1;0;0;0;28;1;1;1;1;0;0
14;2;5;-3;5;-3;0;1;0;0;28;1;2;0;1;0;0
14;7;5;2;7;0;0;1;0;0;28;1;3;1;0;0;0
14;6;5;1;7;-1;1;0;0;0;28;1;3;1;0;0;0
14;3;3;0;3;0;0;1;0;0;28;1;1;1;1;0;0
14;3;3;0;3;0;1;0;0;0;28;1;1;0;0;0;0
14;5;5;0;5;0;0;1;0;0;28;1;2;0;0;0;0
14;4;5;-1;5;-1;1;0;0;0;28;1;2;1;1;0;0
14;8;3;5;3;5;1;0;0;0;28;1;1;0;1;0;0
14;3;5;-2;5;-2;1;0;0;0;28;1;2;0;0;0;0
14;4;5;-1;7;-3;0;1;0;0;28;1;3;1;1;0;0
14;7;5;2;7;0;0;1;0;0;28;1;3;0;0;0;0
14;3;3;0;3;0;0;1;0;0;28;1;1;0;1;0;0
14;5;5;0;5;0;0;1;0;0;28;1;2;1;0;0;0
14;10;5;5;7;3;1;0;0;0;28;1;3;0;1;0;0
14;8;5;3;7;1;1;0;0;0;28;1;3;0;0;0;0
14;2;3;-1;3;-1;0;1;0;0;28;1;1;0;0;0;0
14;8;5;3;5;3;1;0;0;0;28;1;2;1;0;0;0
14;3;5;-2;5;-2;0;1;0;0;28;1;2;1;1;0;0
14;9;5;4;7;2;1;0;0;0;28;1;3;1;1;0;0
15;3;3;0;3;0;0;1;0;0;27;1;1;1;0;0;0
15;2;3;-1;3;-1;1;0;0;0;27;1;1;1;0;0;0
15;7;5;2;5;2;1;0;0;0;27;1;2;0;1;0;0
15;5;5;0;7;-2;0;1;0;0;27;1;3;0;1;0;0
15;3;3;0;3;0;1;0;0;0;27;1;1;1;1;0;0
15;4;5;-1;5;-1;0;1;0;0;27;1;2;0;1;0;0
15;8;5;3;7;1;0;1;0;0;27;1;3;1;0;0;0
15;5;5;0;7;-2;1;0;0;0;27;1;3;1;0;0;0
15;3;3;0;3;0;1;0;0;0;27;1;1;0;0;0;0
15;3;3;0;3;0;0;1;0;0;27;1;1;1;1;0;0
15;6;5;1;5;1;0;1;0;0;27;1;2;0;0;0;0
15;6;5;1;5;1;1;0;0;0;27;1;2;1;1;0;0
15;8;3;5;3;5;1;0;0;0;27;1;1;0;1;0;0
15;7;5;2;5;2;1;0;0;0;27;1;2;0;0;0;0
15;4;5;-1;7;-3;0;1;0;0;27;1;3;1;1;0;0
15;1;5;-4;7;-6;0;1;0;0;27;1;3;0;0;0;0
15;3;3;0;3;0;0;1;0;0;27;1;1;0;1;0;0
15;3;5;-2;5;-2;0;1;0;0;27;1;2;1;0;0;0
15;8;5;3;7;1;1;0;0;0;27;1;3;0;0;0;0
15;10;5;5;7;3;1;0;0;0;27;1;3;0;1;0;0
15;1;3;-2;3;-2;0;1;0;0;27;1;1;0;0;0;0
15;4;5;-1;5;-1;0;1;0;0;27;1;2;1;1;0;0
15;9;5;4;5;4;1;0;0;0;27;1;2;1;0;0;0
15;9;5;4;7;2;1;0;0;0;27;1;3;1;1;0;0
16;5;3;2;3;2;0;1;0;1;52;1;1;1;0;0;1
16;6;3;3;3;3;1;0;0;1;52;1;1;1;0;0;1
16;5;5;0;5;0;1;0;0;1;52;1;2;0;1;0;1
16;7;5;2;7;0;0;1;0;1;52;1;3;0;1;0;1
16;2;3;-1;3;-1;1;0;0;1;52;1;1;1;1;0;1
16;4;5;-1;5;-1;0;1;0;1;52;1;2;0;1;0;1
16;6;5;1;7;-1;0;1;0;1;52;1;3;1;0;0;1
16;5;5;0;7;-2;1;0;0;1;52;1;3;1;0;0;1
16;5;3;2;3;2;1;0;0;1;52;1;1;0;0;0;1
16;1;3;-2;3;-2;0;1;0;1;52;1;1;1;1;0;1
16;3;5;-2;5;-2;1;0;0;1;52;1;2;1;1;0;1
16;8;5;3;5;3;0;1;0;1;52;1;2;0;0;0;1
16;3;3;0;3;0;1;0;0;1;52;1;1;0;1;0;1
16;6;5;1;5;1;1;0;0;1;52;1;2;0;0;0;1
16;2;5;-3;7;-5;0;1;0;1;52;1;3;1;1;0;1
16;10;5;5;7;3;0;1;0;1;52;1;3;0;0;0;1
16;3;3;0;3;0;0;1;0;1;52;1;1;0;1;0;1
16;4;5;-1;5;-1;0;1;0;1;52;1;2;1;0;0;1
16;9;5;4;7;2;1;0;0;1;52;1;3;0;0;0;1
16;5;5;0;7;-2;1;0;0;1;52;1;3;0;1;0;1
16;3;3;0;3;0;0;1;0;1;52;1;1;0;0;0;1
16;2;5;-3;5;-3;1;0;0;1;52;1;2;1;0;0;1
16;1;5;-4;5;-4;0;1;0;1;52;1;2;1;1;0;1
16;1;5;-4;7;-6;1;0;0;1;52;1;3;1;1;0;1
17;10;3;7;3;7;1;0;0;0;34;2;1;1;0;0;0
17;3;3;0;3;0;0;1;0;0;34;2;1;1;0;0;0
17;4;5;-1;5;-1;1;0;0;0;34;2;2;0;1;0;0
17;8;5;3;7;1;0;1;0;0;34;2;3;0;1;0;0
17;2;3;-1;3;-1;1;0;0;0;34;2;1;1;1;0;0
17;4;5;-1;5;-1;0;1;0;0;34;2;2;0;1;0;0
17;10;5;5;7;3;0;1;0;0;34;2;3;1;0;0;0
17;5;5;0;7;-2;1;0;0;0;34;2;3;1;0;0;0
17;5;3;2;3;2;1;0;0;0;34;2;1;0;0;0;0
17;1;3;-2;3;-2;0;1;0;0;34;2;1;1;1;0;0
17;2;5;-3;5;-3;1;0;0;0;34;2;2;1;1;0;0
17;5;5;0;5;0;0;1;0;0;34;2;2;0;0;0;0
17;1;3;-2;3;-2;1;0;0;0;34;2;1;0;1;0;0
17;8;5;3;5;3;1;0;0;0;34;2;2;0;0;0;0
17;7;5;2;7;0;0;1;0;0;34;2;3;1;1;0;0
17;7;5;2;7;0;0;1;0;0;34;2;3;0;0;0;0
17;3;3;0;3;0;0;1;0;0;34;2;1;0;1;0;0
17;3;5;-2;5;-2;0;1;0;0;34;2;2;1;0;0;0
17;10;5;5;7;3;1;0;0;0;34;2;3;0;0;0;0
17;5;5;0;7;-2;1;0;0;0;34;2;3;0;1;0;0
17;1;3;-2;3;-2;0;1;0;0;34;2;1;0;0;0;0
17;5;5;0;5;0;1;0;0;0;34;2;2;1;0;0;0
17;5;5;0;5;0;0;1;0;0;34;2;2;1;1;0;0
17;8;5;3;7;1;1;0;0;0;34;2;3;1;1;0;0
18;3;3;0;3;0;0;1;0;0;59;2;1;1;0;0;1
18;5;3;2;3;2;1;0;0;0;59;2;1;1;0;0;1
18;3;5;-2;5;-2;1;0;0;0;59;2;2;0;1;0;1
18;8;5;3;7;1;0;1;0;0;59;2;3;0;1;0;1
18;5;3;2;3;2;1;0;0;0;59;2;1;1;1;0;1
18;5;5;0;5;0;0;1;0;0;59;2;2;0;1;0;1
18;5;5;0;7;-2;1;0;0;0;59;2;3;1;0;0;1
18;4;5;-1;7;-3;0;1;0;0;59;2;3;1;0;0;1
18;3;3;0;3;0;0;1;0;0;59;2;1;1;1;0;1
18;4;3;1;3;1;1;0;0;0;59;2;1;0;0;0;1
18;6;5;1;5;1;0;1;0;0;59;2;2;0;0;0;1
18;4;5;-1;5;-1;1;0;0;0;59;2;2;1;1;0;1
18;4;3;1;3;1;1;0;0;0;59;2;1;0;1;0;1
18;5;5;0;5;0;1;0;0;0;59;2;2;0;0;0;1
18;5;5;0;7;-2;0;1;0;0;59;2;3;0;0;0;1
18;7;5;2;7;0;0;1;0;0;59;2;3;1;1;0;1
18;5;3;2;3;2;0;1;0;0;59;2;1;0;1;0;1
18;6;5;1;5;1;0;1;0;0;59;2;2;1;0;0;1
18;8;5;3;7;1;1;0;0;0;59;2;3;0;1;0;1
18;7;5;2;7;0;1;0;0;0;59;2;3;0;0;0;1
18;3;3;0;3;0;0;1;0;0;59;2;1;0;0;0;1
18;3;5;-2;5;-2;1;0;0;0;59;2;2;1;0;0;1
18;4;5;-1;5;-1;0;1;0;0;59;2;2;1;1;0;1
18;8;5;3;7;1;1;0;0;0;59;2;3;1;1;0;1
19;5;3;2;3;2;0;1;0;0;57;1;1;1;0;0;1
19;6;3;3;3;3;1;0;0;0;57;1;1;1;0;0;1
19;5;5;0;5;0;1;0;0;0;57;1;2;0;1;0;1
19;7;5;2;7;0;0;1;0;0;57;1;3;0;1;0;1
19;3;3;0;3;0;1;0;0;0;57;1;1;1;1;0;1
19;4;5;-1;5;-1;0;1;0;0;57;1;2;0;1;0;1
19;5;5;0;7;-2;1;0;0;0;57;1;3;1;0;0;1
19;6;5;1;7;-1;0;1;0;0;57;1;3;1;0;0;1
19;7;3;4;3;4;1;0;0;0;57;1;1;0;0;0;1
19;2;3;-1;3;-1;0;1;0;0;57;1;1;1;1;0;1
19;5;5;0;5;0;1;0;0;0;57;1;2;1;1;0;1
19;6;5;1;5;1;0;1;0;0;57;1;2;0;0;0;1
19;3;3;0;3;0;1;0;0;0;57;1;1;0;1;0;1
19;5;5;0;5;0;1;0;0;0;57;1;2;0;0;0;1
19;7;5;2;7;0;0;1;0;0;57;1;3;0;0;0;1
19;7;5;2;7;0;0;1;0;0;57;1;3;1;1;0;1
19;1;3;-2;3;-2;0;1;0;0;57;1;1;0;1;0;1
19;4;5;-1;5;-1;0;1;0;0;57;1;2;1;0;0;1
19;5;5;0;7;-2;1;0;0;0;57;1;3;0;0;0;1
19;9;5;4;7;2;1;0;0;0;57;1;3;0;1;0;1
19;3;3;0;3;0;0;1;0;0;57;1;1;0;0;0;1
19;5;5;0;5;0;0;1;0;0;57;1;2;1;1;0;1
19;7;5;2;5;2;1;0;0;0;57;1;2;1;0;0;1
19;7;5;2;7;0;1;0;0;0;57;1;3;1;1;0;1
20;2;3;-1;3;-1;1;0;0;0;38;0;1;1;0;0;0
20;2;3;-1;3;-1;0;1;0;0;38;0;1;1;0;0;0
20;4;5;-1;5;-1;1;0;0;0;38;0;2;0;1;0;0
20;8;5;3;7;1;0;1;0;0;38;0;3;0;1;0;0
20;5;3;2;3;2;1;0;0;0;38;0;1;1;1;0;0
20;8;5;3;5;3;0;1;0;0;38;0;2;0;1;0;0
20;4;5;-1;7;-3;1;0;0;0;38;0;3;1;0;0;0
20;4;5;-1;7;-3;0;1;0;0;38;0;3;1;0;0;0
20;3;3;0;3;0;1;0;0;0;38;0;1;0;0;0;0
20;2;3;-1;3;-1;0;1;0;0;38;0;1;1;1;0;0
20;7;5;2;5;2;1;0;0;0;38;0;2;1;1;0;0
20;3;5;-2;5;-2;0;1;0;0;38;0;2;0;0;0;0
20;5;3;2;3;2;1;0;0;0;38;0;1;0;1;0;0
20;3;5;-2;5;-2;1;0;0;0;38;0;2;0;0;0;0
20;9;5;4;7;2;0;1;0;0;38;0;3;1;1;0;0
20;5;5;0;7;-2;0;1;0;0;38;0;3;0;0;0;0
20;1;3;-2;3;-2;0;1;0;0;38;0;1;0;1;0;0
20;4;5;-1;5;-1;0;1;0;0;38;0;2;1;0;0;0
20;6;5;1;7;-1;1;0;0;0;38;0;3;0;0;0;0
20;8;5;3;7;1;1;0;0;0;38;0;3;0;1;0;0
20;1;3;-2;3;-2;0;1;0;0;38;0;1;0;0;0;0
20;3;5;-2;5;-2;0;1;0;0;38;0;2;1;1;0;0
20;5;5;0;5;0;1;0;0;0;38;0;2;1;0;0;0
20;8;5;3;7;1;1;0;0;0;38;0;3;1;1;0;0
21;1;3;-2;3;-2;1;0;0;0;32;0;1;1;0;0;1
21;1;3;-2;3;-2;0;1;0;0;32;0;1;1;0;0;1
21;5;5;0;5;0;1;0;0;0;32;0;2;0;1;0;1
21;9;5;4;7;2;0;1;0;0;32;0;3;0;1;0;1
21;6;3;3;3;3;1;0;0;0;32;0;1;1;1;0;1
21;8;5;3;5;3;0;1;0;0;32;0;2;0;1;0;1
21;4;5;-1;7;-3;1;0;0;0;32;0;3;1;0;0;1
21;5;5;0;7;-2;0;1;0;0;32;0;3;1;0;0;1
21;6;3;3;3;3;0;1;0;0;32;0;1;1;1;0;1
21;2;3;-1;3;-1;1;0;0;0;32;0;1;0;0;0;1
21;8;5;3;5;3;1;0;0;0;32;0;2;1;1;0;1
21;3;5;-2;5;-2;0;1;0;0;32;0;2;0;0;0;1
21;6;3;3;3;3;1;0;0;0;32;0;1;0;1;0;1
21;3;5;-2;5;-2;1;0;0;0;32;0;2;0;0;0;1
21;5;5;0;7;-2;0;1;0;0;32;0;3;0;0;0;1
21;9;5;4;7;2;0;1;0;0;32;0;3;1;1;0;1
21;6;3;3;3;3;0;1;0;0;32;0;1;0;1;0;1
21;3;5;-2;5;-2;0;1;0;0;32;0;2;1;0;0;1
21;8;5;3;7;1;1;0;0;0;32;0;3;0;1;0;1
21;6;5;1;7;-1;1;0;0;0;32;0;3;0;0;0;1
21;1;3;-2;3;-2;0;1;0;0;32;0;1;0;0;0;1
21;7;5;2;5;2;0;1;0;0;32;0;2;1;1;0;1
21;4;5;-1;5;-1;1;0;0;0;32;0;2;1;0;0;1
21;8;5;3;7;1;1;0;0;0;32;0;3;1;1;0;1
22;2;3;-1;3;-1;0;1;0;0;24;0;1;1;0;0;0
22;2;3;-1;3;-1;1;0;0;0;24;0;1;1;0;0;0
22;8;5;3;5;3;1;0;0;0;24;0;2;0;1;0;0
22;9;5;4;7;2;0;1;0;0;24;0;3;0;1;0;0
22;7;3;4;3;4;1;0;0;0;24;0;1;1;1;0;0
22;8;5;3;5;3;0;1;0;0;24;0;2;0;1;0;0
22;5;5;0;7;-2;0;1;0;0;24;0;3;1;0;0;0
22;7;5;2;7;0;1;0;0;0;24;0;3;1;0;0;0
22;8;3;5;3;5;0;1;0;0;24;0;1;1;1;0;0
22;2;3;-1;3;-1;1;0;0;0;24;0;1;0;0;0;0
22;3;5;-2;5;-2;0;1;0;0;24;0;2;0;0;0;0
22;9;5;4;5;4;1;0;0;0;24;0;2;1;1;0;0
22;8;3;5;3;5;1;0;0;0;24;0;1;0;1;0;0
22;4;5;-1;5;-1;1;0;0;0;24;0;2;0;0;0;0
22;8;5;3;7;1;0;1;0;0;24;0;3;1;1;0;0
22;5;5;0;7;-2;0;1;0;0;24;0;3;0;0;0;0
22;7;3;4;3;4;0;1;0;0;24;0;1;0;1;0;0
22;4;5;-1;5;-1;0;1;0;0;24;0;2;1;0;0;0
22;9;5;4;7;2;1;0;0;0;24;0;3;0;1;0;0
22;6;5;1;7;-1;1;0;0;0;24;0;3;0;0;0;0
22;2;3;-1;3;-1;0;1;0;0;24;0;1;0;0;0;0
22;5;5;0;5;0;1;0;0;0;24;0;2;1;0;0;0
22;8;5;3;5;3;0;1;0;0;24;0;2;1;1;0;0
22;8;5;3;7;1;1;0;0;0;24;0;3;1;1;0;0
23;3;3;0;3;0;1;0;1;0;29;0;1;1;0;0;1
23;3;3;0;3;0;0;1;1;0;29;0;1;1;0;0;1
23;6;5;1;5;1;1;0;1;0;29;0;2;0;1;1;1
23;8;5;3;7;1;0;1;1;0;29;0;3;0;1;1;1
23;7;3;4;3;4;1;0;1;0;29;0;1;1;1;1;1
23;8;5;3;5;3;0;1;1;0;29;0;2;0;1;1;1
23;7;5;2;7;0;0;1;1;0;29;0;3;1;0;0;1
23;7;5;2;7;0;1;0;1;0;29;0;3;1;0;0;1
23;7;3;4;3;4;0;1;1;0;29;0;1;1;1;1;1
23;4;3;1;3;1;1;0;1;0;29;0;1;0;0;0;1
23;7;5;2;5;2;1;0;1;0;29;0;2;1;1;1;1
23;6;5;1;5;1;0;1;1;0;29;0;2;0;0;0;1
23;8;3;5;3;5;1;0;1;0;29;0;1;0;1;1;1
23;6;5;1;5;1;1;0;1;0;29;0;2;0;0;0;1
23;7;5;2;7;0;0;1;1;0;29;0;3;1;1;1;1
23;8;5;3;7;1;0;1;1;0;29;0;3;0;0;0;1
23;8;3;5;3;5;0;1;1;0;29;0;1;0;1;1;1
23;5;5;0;5;0;0;1;1;0;29;0;2;1;0;0;1
23;8;5;3;7;1;1;0;1;0;29;0;3;0;0;0;1
23;8;5;3;7;1;1;0;1;0;29;0;3;0;1;1;1
23;4;3;1;3;1;0;1;1;0;29;0;1;0;0;0;1
23;7;5;2;5;2;0;1;1;0;29;0;2;1;1;1;1
23;5;5;0;5;0;1;0;1;0;29;0;2;1;0;0;1
23;7;5;2;7;0;1;0;1;0;29;0;3;1;1;1;1
24;3;3;0;3;0;0;1;0;0;32;1;1;1;0;0;0
24;4;3;1;3;1;1;0;0;0;32;1;1;1;0;0;0
24;6;5;1;5;1;1;0;0;0;32;1;2;0;1;0;0
24;10;5;5;7;3;0;1;0;0;32;1;3;0;1;0;0
24;5;3;2;3;2;1;0;0;0;32;1;1;1;1;0;0
24;5;5;0;5;0;0;1;0;0;32;1;2;0;1;0;0
24;6;5;1;7;-1;1;0;0;0;32;1;3;1;0;0;0
24;7;5;2;7;0;0;1;0;0;32;1;3;1;0;0;0
24;5;3;2;3;2;0;1;0;0;32;1;1;1;1;0;0
24;6;3;3;3;3;1;0;0;0;32;1;1;0;0;0;0
24;7;5;2;5;2;1;0;0;0;32;1;2;1;1;0;0
24;6;5;1;5;1;0;1;0;0;32;1;2;0;0;0;0
24;7;3;4;3;4;1;0;0;0;32;1;1;0;1;0;0
24;8;5;3;5;3;1;0;0;0;32;1;2;0;0;0;0
24;5;5;0;7;-2;0;1;0;0;32;1;3;1;1;0;0
24;5;5;0;7;-2;0;1;0;0;32;1;3;0;0;0;0
24;5;3;2;3;2;0;1;0;0;32;1;1;0;1;0;0
24;4;5;-1;5;-1;0;1;0;0;32;1;2;1;0;0;0
24;10;5;5;7;3;1;0;0;0;32;1;3;0;1;0;0
24;9;5;4;7;2;1;0;0;0;32;1;3;0;0;0;0
24;3;3;0;3;0;0;1;0;0;32;1;1;0;0;0;0
24;6;5;1;5;1;0;1;0;0;32;1;2;1;1;0;0
24;8;5;3;5;3;1;0;0;0;32;1;2;1;0;0;0
24;6;5;1;7;-1;1;0;0;0;32;1;3;1;1;0;0
25;3;3;0;3;0;1;0;0;0;23;0;1;1;0;0;1
25;2;3;-1;3;-1;0;1;0;0;23;0;1;1;0;0;1
25;3;5;-2;5;-2;1;0;0;0;23;0;2;0;1;0;1
25;4;5;-1;7;-3;0;1;0;0;23;0;3;0;1;0;1
25;10;3;7;3;7;1;0;0;0;23;0;1;1;1;0;1
25;1;5;-4;5;-4;0;1;0;0;23;0;2;0;1;0;1
25;8;5;3;7;1;1;0;0;0;23;0;3;1;0;0;1
25;4;5;-1;7;-3;0;1;0;0;23;0;3;1;0;0;1
25;2;3;-1;3;-1;0;1;0;0;23;0;1;1;1;0;1
25;2;3;-1;3;-1;1;0;0;0;23;0;1;0;0;0;1
25;5;5;0;5;0;1;0;0;0;23;0;2;1;1;0;1
25;5;5;0;5;0;0;1;0;0;23;0;2;0;0;0;1
25;6;3;3;3;3;1;0;0;0;23;0;1;0;1;0;1
25;7;5;2;5;2;1;0;0;0;23;0;2;0;0;0;1
25;4;5;-1;7;-3;0;1;0;0;23;0;3;1;1;0;1
25;3;5;-2;7;-4;0;1;0;0;23;0;3;0;0;0;1
25;2;3;-1;3;-1;0;1;0;0;23;0;1;0;1;0;1
25;1;5;-4;5;-4;0;1;0;0;23;0;2;1;0;0;1
25;10;5;5;7;3;1;0;0;0;23;0;3;0;1;0;1
25;6;5;1;7;-1;1;0;0;0;23;0;3;0;0;0;1
25;2;3;-1;3;-1;0;1;0;0;23;0;1;0;0;0;1
25;1;5;-4;5;-4;0;1;0;0;23;0;2;1;1;0;1
25;4;5;-1;5;-1;1;0;0;0;23;0;2;1;0;0;1
25;4;5;-1;7;-3;1;0;0;0;23;0;3;1;1;0;1
26;2;3;-1;3;-1;1;0;0;0;26;0;1;1;0;0;0
26;1;3;-2;3;-2;0;1;0;0;26;0;1;1;0;0;0
26;5;5;0;5;0;1;0;0;0;26;0;2;0;1;0;0
26;9;5;4;7;2;0;1;0;0;26;0;3;0;1;0;0
26;3;3;0;3;0;1;0;0;0;26;0;1;1;1;0;0
26;8;5;3;5;3;0;1;0;0;26;0;2;0;1;0;0
26;5;5;0;7;-2;0;1;0;0;26;0;3;1;0;0;0
26;7;5;2;7;0;1;0;0;0;26;0;3;1;0;0;0
26;9;3;6;3;6;0;1;0;0;26;0;1;1;1;0;0
26;3;3;0;3;0;1;0;0;0;26;0;1;0;0;0;0
26;3;5;-2;5;-2;0;1;0;0;26;0;2;0;0;0;0
26;5;5;0;5;0;1;0;0;0;26;0;2;1;1;0;0
26;3;3;0;3;0;1;0;0;0;26;0;1;0;1;0;0
26;5;5;0;5;0;1;0;0;0;26;0;2;0;0;0;0
26;6;5;1;7;-1;0;1;0;0;26;0;3;0;0;0;0
26;9;5;4;7;2;0;1;0;0;26;0;3;1;1;0;0
26;6;3;3;3;3;0;1;0;0;26;0;1;0;1;0;0
26;4;5;-1;5;-1;0;1;0;0;26;0;2;1;0;0;0
26;7;5;2;7;0;1;0;0;0;26;0;3;0;0;0;0
26;7;5;2;7;0;1;0;0;0;26;0;3;0;1;0;0
26;1;3;-2;3;-2;0;1;0;0;26;0;1;0;0;0;0
26;9;5;4;5;4;0;1;0;0;26;0;2;1;1;0;0
26;5;5;0;5;0;1;0;0;0;26;0;2;1;0;0;0
26;10;5;5;7;3;1;0;0;0;26;0;3;1;1;0;0
27;2;3;-1;3;-1;1;0;0;0;27;0;1;1;0;0;0
27;4;3;1;3;1;0;1;0;0;27;0;1;1;0;0;0
27;5;5;0;5;0;1;0;0;0;27;0;2;0;1;0;0
27;9;5;4;7;2;0;1;0;0;27;0;3;0;1;0;0
27;6;3;3;3;3;1;0;0;0;27;0;1;1;1;0;0
27;5;5;0;5;0;0;1;0;0;27;0;2;0;1;0;0
27;7;5;2;7;0;1;0;0;0;27;0;3;1;0;0;0
27;7;5;2;7;0;0;1;0;0;27;0;3;1;0;0;0
27;7;3;4;3;4;1;0;0;0;27;0;1;0;0;0;0
27;3;3;0;3;0;0;1;0;0;27;0;1;1;1;0;0
27;5;5;0;5;0;0;1;0;0;27;0;2;0;0;0;0
27;5;5;0;5;0;1;0;0;0;27;0;2;1;1;0;0
27;2;3;-1;3;-1;1;0;0;0;27;0;1;0;1;0;0
27;9;5;4;5;4;1;0;0;0;27;0;2;0;0;0;0
27;6;5;1;7;-1;0;1;0;0;27;0;3;0;0;0;0
27;7;5;2;7;0;0;1;0;0;27;0;3;1;1;0;0
27;3;3;0;3;0;0;1;0;0;27;0;1;0;1;0;0
27;4;5;-1;5;-1;0;1;0;0;27;0;2;1;0;0;0
27;7;5;2;7;0;1;0;0;0;27;0;3;0;0;0;0
27;10;5;5;7;3;1;0;0;0;27;0;3;0;1;0;0
27;2;3;-1;3;-1;0;1;0;0;27;0;1;0;0;0;0
27;6;5;1;5;1;1;0;0;0;27;0;2;1;0;0;0
27;7;5;2;5;2;0;1;0;0;27;0;2;1;1;0;0
27;10;5;5;7;3;1;0;0;0;27;0;3;1;1;0;0
28;3;3;0;3;0;0;1;0;0;27;0;1;1;0;0;1
28;3;3;0;3;0;1;0;0;0;27;0;1;1;0;0;1
28;5;5;0;5;0;1;0;0;0;27;0;2;0;1;0;1
28;9;5;4;7;2;0;1;0;0;27;0;3;0;1;0;1
28;6;3;3;3;3;1;0;0;0;27;0;1;1;1;0;1
28;8;5;3;5;3;0;1;0;0;27;0;2;0;1;0;1
28;7;5;2;7;0;0;1;0;0;27;0;3;1;0;0;1
28;7;5;2;7;0;1;0;0;0;27;0;3;1;0;0;1
28;3;3;0;3;0;1;0;0;0;27;0;1;0;0;0;1
28;3;3;0;3;0;0;1;0;0;27;0;1;1;1;0;1
28;10;5;5;5;5;1;0;0;0;27;0;2;1;1;0;1
28;5;5;0;5;0;0;1;0;0;27;0;2;0;0;0;1
28;3;3;0;3;0;1;0;0;0;27;0;1;0;1;0;1
28;5;5;0;5;0;1;0;0;0;27;0;2;0;0;0;1
28;7;5;2;7;0;0;1;0;0;27;0;3;0;0;0;1
28;8;5;3;7;1;0;1;0;0;27;0;3;1;1;0;1
28;3;3;0;3;0;0;1;0;0;27;0;1;0;1;0;1
28;5;5;0;5;0;0;1;0;0;27;0;2;1;0;0;1
28;7;5;2;7;0;1;0;0;0;27;0;3;0;0;0;1
28;10;5;5;7;3;1;0;0;0;27;0;3;0;1;0;1
28;3;3;0;3;0;0;1;0;0;27;0;1;0;0;0;1
28;5;5;0;5;0;1;0;0;0;27;0;2;1;0;0;1
28;8;5;3;5;3;0;1;0;0;27;0;2;1;1;0;1
28;10;5;5;7;3;1;0;0;0;27;0;3;1;1;0;1
29;4;3;1;3;1;0;1;0;0;29;0;1;1;0;0;0
29;3;3;0;3;0;1;0;0;0;29;0;1;1;0;0;0
29;9;5;4;5;4;1;0;0;0;29;0;2;0;1;0;0
29;5;5;0;7;-2;0;1;0;0;29;0;3;0;1;0;0
29;7;3;4;3;4;1;0;0;0;29;0;1;1;1;0;0
29;6;5;1;5;1;0;1;0;0;29;0;2;0;1;0;0
29;3;5;-2;7;-4;0;1;0;0;29;0;3;1;0;0;0
29;4;5;-1;7;-3;1;0;0;0;29;0;3;1;0;0;0
29;5;3;2;3;2;0;1;0;0;29;0;1;1;1;0;0
29;1;3;-2;3;-2;1;0;0;0;29;0;1;0;0;0;0
29;3;5;-2;5;-2;0;1;0;0;29;0;2;0;0;0;0
29;6;5;1;5;1;1;0;0;0;29;0;2;1;1;0;0
29;5;3;2;3;2;1;0;0;0;29;0;1;0;1;0;0
29;3;5;-2;5;-2;1;0;0;0;29;0;2;0;0;0;0
29;5;5;0;7;-2;0;1;0;0;29;0;3;0;0;0;0
29;5;5;0;7;-2;0;1;0;0;29;0;3;1;1;0;0
29;5;3;2;3;2;0;1;0;0;29;0;1;0;1;0;0
29;3;5;-2;5;-2;0;1;0;0;29;0;2;1;0;0;0
29;6;5;1;7;-1;1;0;0;0;29;0;3;0;1;0;0
29;5;5;0;7;-2;1;0;0;0;29;0;3;0;0;0;0
29;2;3;-1;3;-1;0;1;0;0;29;0;1;0;0;0;0
29;5;5;0;5;0;1;0;0;0;29;0;2;1;0;0;0
29;4;5;-1;5;-1;0;1;0;0;29;0;2;1;1;0;0
29;6;5;1;7;-1;1;0;0;0;29;0;3;1;1;0;0
30;5;3;2;3;2;1;0;0;0;22;0;1;1;0;0;0
30;2;3;-1;3;-1;0;1;0;0;22;0;1;1;0;0;0
30;6;5;1;5;1;1;0;0;0;22;0;2;0;1;0;0
30;5;5;0;7;-2;0;1;0;0;22;0;3;0;1;0;0
30;5;3;2;3;2;1;0;0;0;22;0;1;1;1;0;0
30;5;5;0;5;0;0;1;0;0;22;0;2;0;1;0;0
30;8;5;3;7;1;1;0;0;0;22;0;3;1;0;0;0
30;5;5;0;7;-2;0;1;0;0;22;0;3;1;0;0;0
30;2;3;-1;3;-1;0;1;0;0;22;0;1;1;1;0;0
30;5;3;2;3;2;1;0;0;0;22;0;1;0;0;0;0
30;3;5;-2;5;-2;0;1;0;0;22;0;2;0;0;0;0
30;5;5;0;5;0;1;0;0;0;22;0;2;1;1;0;0
30;5;3;2;3;2;1;0;0;0;22;0;1;0;1;0;0
30;6;5;1;5;1;1;0;0;0;22;0;2;0;0;0;0
30;5;5;0;7;-2;0;1;0;0;22;0;3;0;0;0;0
30;5;5;0;7;-2;0;1;0;0;22;0;3;1;1;0;0
30;2;3;-1;3;-1;0;1;0;0;22;0;1;0;1;0;0
30;3;5;-2;5;-2;0;1;0;0;22;0;2;1;0;0;0
30;7;5;2;7;0;1;0;0;0;22;0;3;0;0;0;0
30;6;5;1;7;-1;1;0;0;0;22;0;3;0;1;0;0
30;2;3;-1;3;-1;0;1;0;0;22;0;1;0;0;0;0
30;4;5;-1;5;-1;0;1;0;0;22;0;2;1;1;0;0
30;5;5;0;5;0;1;0;0;0;22;0;2;1;0;0;0
30;6;5;1;7;-1;1;0;0;0;22;0;3;1;1;0;0
31;3;3;0;3;0;1;0;0;0;21;1;1;1;0;0;1
31;3;3;0;3;0;0;1;0;0;21;1;1;1;0;0;1
31;10;5;5;5;5;1;0;0;0;21;1;2;0;1;0;1
31;8;5;3;7;1;0;1;0;0;21;1;3;0;1;0;1
31;10;3;7;3;7;1;0;0;0;21;1;1;1;1;0;1
31;8;5;3;5;3;0;1;0;0;21;1;2;0;1;0;1
31;7;5;2;7;0;1;0;0;0;21;1;3;1;0;0;1
31;6;5;1;7;-1;0;1;0;0;21;1;3;1;0;0;1
31;7;3;4;3;4;0;1;0;0;21;1;1;1;1;0;1
31;4;3;1;3;1;1;0;0;0;21;1;1;0;0;0;1
31;10;5;5;5;5;1;0;0;0;21;1;2;1;1;0;1
31;4;5;-1;5;-1;0;1;0;0;21;1;2;0;0;0;1
31;10;3;7;3;7;1;0;0;0;21;1;1;0;1;0;1
31;7;5;2;5;2;1;0;0;0;21;1;2;0;0;0;1
31;8;5;3;7;1;0;1;0;0;21;1;3;1;1;0;1
31;6;5;1;7;-1;0;1;0;0;21;1;3;0;0;0;1
31;8;3;5;3;5;0;1;0;0;21;1;1;0;1;0;1
31;4;5;-1;5;-1;0;1;0;0;21;1;2;1;0;0;1
31;8;5;3;7;1;1;0;0;0;21;1;3;0;0;0;1
31;9;5;4;7;2;1;0;0;0;21;1;3;0;1;0;1
31;2;3;-1;3;-1;0;1;0;0;21;1;1;0;0;0;1
31;7;5;2;5;2;1;0;0;0;21;1;2;1;0;0;1
31;7;5;2;5;2;0;1;0;0;21;1;2;1;1;0;1
31;9;5;4;7;2;1;0;0;0;21;1;3;1;1;0;1
32;1;3;-2;3;-2;0;1;0;0;27;1;1;1;0;0;0
32;5;3;2;3;2;1;0;0;0;27;1;1;1;0;0;0
32;7;5;2;5;2;1;0;0;0;27;1;2;0;1;0;0
32;6;5;1;7;-1;0;1;0;0;27;1;3;0;1;0;0
32;5;3;2;3;2;1;0;0;0;27;1;1;1;1;0;0
32;5;5;0;5;0;0;1;0;0;27;1;2;0;1;0;0
32;9;5;4;7;2;1;0;0;0;27;1;3;1;0;0;0
32;5;5;0;7;-2;0;1;0;0;27;1;3;1;0;0;0
32;6;3;3;3;3;1;0;0;0;27;1;1;0;0;0;0
32;4;3;1;3;1;0;1;0;0;27;1;1;1;1;0;0
32;3;5;-2;5;-2;0;1;0;0;27;1;2;0;0;0;0
32;7;5;2;5;2;1;0;0;0;27;1;2;1;1;0;0
32;5;3;2;3;2;1;0;0;0;27;1;1;0;1;0;0
32;7;5;2;5;2;1;0;0;0;27;1;2;0;0;0;0
32;5;5;0;7;-2;0;1;0;0;27;1;3;0;0;0;0
32;6;5;1;7;-1;0;1;0;0;27;1;3;1;1;0;0
32;4;3;1;3;1;0;1;0;0;27;1;1;0;1;0;0
32;2;5;-3;5;-3;0;1;0;0;27;1;2;1;0;0;0
32;9;5;4;7;2;1;0;0;0;27;1;3;0;1;0;0
32;9;5;4;7;2;1;0;0;0;27;1;3;0;0;0;0
32;1;3;-2;3;-2;0;1;0;0;27;1;1;0;0;0;0
32;5;5;0;5;0;0;1;0;0;27;1;2;1;1;0;0
32;8;5;3;5;3;1;0;0;0;27;1;2;1;0;0;0
32;9;5;4;7;2;1;0;0;0;27;1;3;1;1;0;0
33;2;3;-1;3;-1;0;1;0;0;26;0;1;1;0;0;0
33;5;3;2;3;2;1;0;0;0;26;0;1;1;0;0;0
33;6;5;1;5;1;1;0;0;0;26;0;2;0;1;0;0
33;9;5;4;7;2;0;1;0;0;26;0;3;0;1;0;0
33;5;3;2;3;2;1;0;0;0;26;0;1;1;1;0;0
33;5;5;0;5;0;0;1;0;0;26;0;2;0;1;0;0
33;5;5;0;7;-2;0;1;0;0;26;0;3;1;0;0;0
33;7;5;2;7;0;1;0;0;0;26;0;3;1;0;0;0
33;3;3;0;3;0;1;0;0;0;26;0;1;0;0;0;0
33;2;3;-1;3;-1;0;1;0;0;26;0;1;1;1;0;0
33;6;5;1;5;1;0;1;0;0;26;0;2;0;0;0;0
33;9;5;4;5;4;1;0;0;0;26;0;2;1;1;0;0
33;8;3;5;3;5;1;0;0;0;26;0;1;0;1;0;0
33;4;5;-1;5;-1;1;0;0;0;26;0;2;0;0;0;0
33;7;5;2;7;0;0;1;0;0;26;0;3;0;0;0;0
33;7;5;2;7;0;0;1;0;0;26;0;3;1;1;0;0
33;2;3;-1;3;-1;0;1;0;0;26;0;1;0;1;0;0
33;4;5;-1;5;-1;0;1;0;0;26;0;2;1;0;0;0
33;7;5;2;7;0;1;0;0;0;26;0;3;0;1;0;0
33;7;5;2;7;0;1;0;0;0;26;0;3;0;0;0;0
33;4;3;1;3;1;0;1;0;0;26;0;1;0;0;0;0
33;3;5;-2;5;-2;1;0;0;0;26;0;2;1;0;0;0
33;6;5;1;5;1;0;1;0;0;26;0;2;1;1;0;0
33;4;5;-1;7;-3;1;0;0;0;26;0;3;1;1;0;0
34;3;3;0;3;0;0;1;0;0;27;0;1;1;0;0;1
34;5;3;2;3;2;1;0;0;0;27;0;1;1;0;0;1
34;6;5;1;5;1;1;0;0;0;27;0;2;0;1;0;1
34;5;5;0;7;-2;0;1;0;0;27;0;3;0;1;0;1
34;6;3;3;3;3;1;0;0;0;27;0;1;1;1;0;1
34;4;5;-1;5;-1;0;1;0;0;27;0;2;0;1;0;1
34;6;5;1;7;-1;0;1;0;0;27;0;3;1;0;0;1
34;4;5;-1;7;-3;1;0;0;0;27;0;3;1;0;0;1
34;4;3;1;3;1;1;0;0;0;27;0;1;0;0;0;1
34;3;3;0;3;0;0;1;0;0;27;0;1;1;1;0;1
34;5;5;0;5;0;0;1;0;0;27;0;2;0;0;0;1
34;6;5;1;5;1;1;0;0;0;27;0;2;1;1;0;1
34;6;3;3;3;3;1;0;0;0;27;0;1;0;1;0;1
34;5;5;0;5;0;1;0;0;0;27;0;2;0;0;0;1
34;5;5;0;7;-2;0;1;0;0;27;0;3;0;0;0;1
34;6;5;1;7;-1;0;1;0;0;27;0;3;1;1;0;1
34;3;3;0;3;0;0;1;0;0;27;0;1;0;1;0;1
34;5;5;0;5;0;0;1;0;0;27;0;2;1;0;0;1
34;6;5;1;7;-1;1;0;0;0;27;0;3;0;0;0;1
34;7;5;2;7;0;1;0;0;0;27;0;3;0;1;0;1
34;3;3;0;3;0;0;1;0;0;27;0;1;0;0;0;1
34;5;5;0;5;0;0;1;0;0;27;0;2;1;1;0;1
34;5;5;0;5;0;1;0;0;0;27;0;2;1;0;0;1
34;7;5;2;7;0;1;0;0;0;27;0;3;1;1;0;1
35;1;3;-2;3;-2;1;0;1;0;33;0;1;1;0;0;1
35;1;3;-2;3;-2;0;1;1;0;33;0;1;1;0;0;1
35;3;5;-2;5;-2;1;0;1;0;33;0;2;0;1;1;1
35;8;5;3;7;1;0;1;1;0;33;0;3;0;1;1;1
35;5;3;2;3;2;1;0;1;0;33;0;1;1;1;1;1
35;6;5;1;5;1;0;1;1;0;33;0;2;0;1;1;1
35;5;5;0;7;-2;1;0;1;0;33;0;3;1;0;0;1
35;5;5;0;7;-2;0;1;1;0;33;0;3;1;0;0;1
35;2;3;-1;3;-1;1;0;1;0;33;0;1;0;0;0;1
35;5;3;2;3;2;0;1;1;0;33;0;1;1;1;1;1
35;6;5;1;5;1;1;0;1;0;33;0;2;1;1;1;1
35;3;5;-2;5;-2;0;1;1;0;33;0;2;0;0;0;1
35;5;3;2;3;2;1;0;1;0;33;0;1;0;1;1;1
35;3;5;-2;5;-2;1;0;1;0;33;0;2;0;0;0;1
35;6;5;1;7;-1;0;1;1;0;33;0;3;1;1;1;1
35;5;5;0;7;-2;0;1;1;0;33;0;3;0;0;0;1
35;5;3;2;3;2;0;1;1;0;33;0;1;0;1;1;1
35;2;5;-3;5;-3;0;1;1;0;33;0;2;1;0;0;1
35;6;5;1;7;-1;1;0;1;0;33;0;3;0;0;0;1
35;7;5;2;7;0;1;0;1;0;33;0;3;0;1;1;1
35;2;3;-1;3;-1;0;1;1;0;33;0;1;0;0;0;1
35;3;5;-2;5;-2;1;0;1;0;33;0;2;1;0;0;1
35;6;5;1;5;1;0;1;1;0;33;0;2;1;1;1;1
35;8;5;3;7;1;1;0;1;0;33;0;3;1;1;1;1
36;3;3;0;3;0;0;1;0;0;34;0;1;1;0;0;0
36;1;3;-2;3;-2;1;0;0;0;34;0;1;1;0;0;0
36;9;5;4;5;4;1;0;0;0;34;0;2;0;1;0;0
36;7;5;2;7;0;0;1;0;0;34;0;3;0;1;0;0
36;8;3;5;3;5;1;0;0;0;34;0;1;1;1;0;0
36;7;5;2;5;2;0;1;0;0;34;0;2;0;1;0;0
36;7;5;2;7;0;1;0;0;0;34;0;3;1;0;0;0
36;6;5;1;7;-1;0;1;0;0;34;0;3;1;0;0;0
36;1;3;-2;3;-2;1;0;0;0;34;0;1;0;0;0;0
36;7;3;4;3;4;0;1;0;0;34;0;1;1;1;0;0
36;5;5;0;5;0;0;1;0;0;34;0;2;0;0;0;0
36;9;5;4;5;4;1;0;0;0;34;0;2;1;1;0;0
36;9;3;6;3;6;1;0;0;0;34;0;1;0;1;0;0
36;3;5;-2;5;-2;1;0;0;0;34;0;2;0;0;0;0
36;6;5;1;7;-1;0;1;0;0;34;0;3;0;0;0;0
36;7;5;2;7;0;0;1;0;0;34;0;3;1;1;0;0
36;6;3;3;3;3;0;1;0;0;34;0;1;0;1;0;0
36;5;5;0;5;0;0;1;0;0;34;0;2;1;0;0;0
36;7;5;2;7;0;1;0;0;0;34;0;3;0;0;0;0
36;9;5;4;7;2;1;0;0;0;34;0;3;0;1;0;0
36;3;3;0;3;0;0;1;0;0;34;0;1;0;0;0;0
36;7;5;2;5;2;0;1;0;0;34;0;2;1;1;0;0
36;3;5;-2;5;-2;1;0;0;0;34;0;2;1;0;0;0
36;9;5;4;7;2;1;0;0;0;34;0;3;1;1;0;0
37;2;3;-1;3;-1;1;0;0;1;25;0;1;1;0;0;1
37;3;3;0;3;0;0;1;0;1;25;0;1;1;0;0;1
37;5;5;0;5;0;1;0;0;1;25;0;2;0;1;0;1
37;8;5;3;7;1;0;1;0;1;25;0;3;0;1;0;1
37;4;3;1;3;1;1;0;0;1;25;0;1;1;1;0;1
37;6;5;1;5;1;0;1;0;1;25;0;2;0;1;0;1
37;7;5;2;7;0;0;1;0;1;25;0;3;1;0;0;1
37;10;5;5;7;3;1;0;0;1;25;0;3;1;0;0;1
37;4;3;1;3;1;0;1;0;1;25;0;1;1;1;0;1
37;2;3;-1;3;-1;1;0;0;1;25;0;1;0;0;0;1
37;5;5;0;5;0;0;1;0;1;25;0;2;0;0;0;1
37;5;5;0;5;0;1;0;0;1;25;0;2;1;1;0;1
37;3;3;0;3;0;1;0;0;1;25;0;1;0;1;0;1
37;5;5;0;5;0;1;0;0;1;25;0;2;0;0;0;1
37;8;5;3;7;1;0;1;0;1;25;0;3;1;1;0;1
37;7;5;2;7;0;0;1;0;1;25;0;3;0;0;0;1
37;5;3;2;3;2;0;1;0;1;25;0;1;0;1;0;1
37;5;5;0;5;0;0;1;0;1;25;0;2;1;0;0;1
37;8;5;3;7;1;1;0;0;1;25;0;3;0;0;0;1
37;8;5;3;7;1;1;0;0;1;25;0;3;0;1;0;1
37;2;3;-1;3;-1;0;1;0;1;25;0;1;0;0;0;1
37;4;5;-1;5;-1;1;0;0;1;25;0;2;1;0;0;1
37;5;5;0;5;0;0;1;0;1;25;0;2;1;1;0;1
37;8;5;3;7;1;1;0;0;1;25;0;3;1;1;0;1
38;2;3;-1;3;-1;1;0;0;0;26;1;1;1;0;0;1
38;2;3;-1;3;-1;0;1;0;0;26;1;1;1;0;0;1
38;6;5;1;5;1;1;0;0;0;26;1;2;0;1;0;1
38;7;5;2;7;0;0;1;0;0;26;1;3;0;1;0;1
38;3;3;0;3;0;1;0;0;0;26;1;1;1;1;0;1
38;6;5;1;5;1;0;1;0;0;26;1;2;0;1;0;1
38;4;5;-1;7;-3;0;1;0;0;26;1;3;1;0;0;1
38;7;5;2;7;0;1;0;0;0;26;1;3;1;0;0;1
38;4;3;1;3;1;0;1;0;0;26;1;1;1;1;0;1
38;4;3;1;3;1;1;0;0;0;26;1;1;0;0;0;1
38;8;5;3;5;3;1;0;0;0;26;1;2;1;1;0;1
38;4;5;-1;5;-1;0;1;0;0;26;1;2;0;0;0;1
38;4;3;1;3;1;1;0;0;0;26;1;1;0;1;0;1
38;6;5;1;5;1;1;0;0;0;26;1;2;0;0;0;1
38;7;5;2;7;0;0;1;0;0;26;1;3;1;1;0;1
38;5;5;0;7;-2;0;1;0;0;26;1;3;0;0;0;1
38;3;3;0;3;0;0;1;0;0;26;1;1;0;1;0;1
38;4;5;-1;5;-1;0;1;0;0;26;1;2;1;0;0;1
38;8;5;3;7;1;1;0;0;0;26;1;3;0;0;0;1
38;9;5;4;7;2;1;0;0;0;26;1;3;0;1;0;1
38;3;3;0;3;0;0;1;0;0;26;1;1;0;0;0;1
38;4;5;-1;5;-1;1;0;0;0;26;1;2;1;0;0;1
38;5;5;0;5;0;0;1;0;0;26;1;2;1;1;0;1
38;8;5;3;7;1;1;0;0;0;26;1;3;1;1;0;1
39;1;3;-2;3;-2;1;0;0;0;27;0;1;1;0;0;0
39;1;3;-2;3;-2;0;1;0;0;27;0;1;1;0;0;0
39;10;5;5;5;5;1;0;0;0;27;0;2;0;1;0;0
39;8;5;3;7;1;0;1;0;0;27;0;3;0;1;0;0
39;10;3;7;3;7;1;0;0;0;27;0;1;1;1;0;0
39;9;5;4;5;4;0;1;0;0;27;0;2;0;1;0;0
39;6;5;1;7;-1;0;1;0;0;27;0;3;1;0;0;0
39;8;5;3;7;1;1;0;0;0;27;0;3;1;0;0;0
39;7;3;4;3;4;1;0;0;0;27;0;1;0;0;0;0
39;6;3;3;3;3;0;1;0;0;27;0;1;1;1;0;0
39;4;5;-1;5;-1;0;1;0;0;27;0;2;0;0;0;0
39;9;5;4;5;4;1;0;0;0;27;0;2;1;1;0;0
39;4;3;1;3;1;1;0;0;0;27;0;1;0;1;0;0
39;9;5;4;5;4;1;0;0;0;27;0;2;0;0;0;0
39;5;5;0;7;-2;0;1;0;0;27;0;3;0;0;0;0
39;5;5;0;7;-2;0;1;0;0;27;0;3;1;1;0;0
39;4;3;1;3;1;0;1;0;0;27;0;1;0;1;0;0
39;3;5;-2;5;-2;0;1;0;0;27;0;2;1;0;0;0
39;6;5;1;7;-1;1;0;0;0;27;0;3;0;1;0;0
39;8;5;3;7;1;1;0;0;0;27;0;3;0;0;0;0
39;0;3;-3;3;-3;0;1;0;0;27;0;1;0;0;0;0
39;6;5;1;5;1;1;0;0;0;27;0;2;1;0;0;0
39;7;5;2;5;2;0;1;0;0;27;0;2;1;1;0;0
39;5;5;0;7;-2;1;0;0;0;27;0;3;1;1;0;0
40;3;3;0;3;0;0;1;0;0;21;0;1;1;0;0;0
40;0;3;-3;3;-3;1;0;0;0;21;0;1;1;0;0;0
40;6;5;1;5;1;1;0;0;0;21;0;2;0;1;0;0
40;7;5;2;7;0;0;1;0;0;21;0;3;0;1;0;0
40;4;3;1;3;1;1;0;0;0;21;0;1;1;1;0;0
40;8;5;3;5;3;0;1;0;0;21;0;2;0;1;0;0
40;6;5;1;7;-1;0;1;0;0;21;0;3;1;0;0;0
40;7;5;2;7;0;1;0;0;0;21;0;3;1;0;0;0
40;5;3;2;3;2;1;0;0;0;21;0;1;0;0;0;0
40;3;3;0;3;0;0;1;0;0;21;0;1;1;1;0;0
40;5;5;0;5;0;1;0;0;0;21;0;2;1;1;0;0
40;5;5;0;5;0;0;1;0;0;21;0;2;0;0;0;0
40;5;3;2;3;2;1;0;0;0;21;0;1;0;1;0;0
40;5;5;0;5;0;1;0;0;0;21;0;2;0;0;0;0
40;6;5;1;7;-1;0;1;0;0;21;0;3;1;1;0;0
40;7;5;2;7;0;0;1;0;0;21;0;3;0;0;0;0
40;2;3;-1;3;-1;0;1;0;0;21;0;1;0;1;0;0
40;4;5;-1;5;-1;0;1;0;0;21;0;2;1;0;0;0
40;8;5;3;7;1;1;0;0;0;21;0;3;0;0;0;0
40;8;5;3;7;1;1;0;0;0;21;0;3;0;1;0;0
40;2;3;-1;3;-1;0;1;0;0;21;0;1;0;0;0;0
40;4;5;-1;5;-1;0;1;0;0;21;0;2;1;1;0;0
40;6;5;1;5;1;1;0;0;0;21;0;2;1;0;0;0
40;10;5;5;7;3;1;0;0;0;21;0;3;1;1;0;0
41;6;3;3;3;3;0;1;0;0;21;0;1;1;0;0;0
41;2;3;-1;3;-1;1;0;0;0;21;0;1;1;0;0;0
41;7;5;2;5;2;1;0;0;0;21;0;2;0;1;0;0
41;10;5;5;7;3;0;1;0;0;21;0;3;0;1;0;0
41;6;3;3;3;3;1;0;0;0;21;0;1;1;1;0;0
41;2;5;-3;5;-3;0;1;0;0;21;0;2;0;1;0;0
41;9;5;4;7;2;1;0;0;0;21;0;3;1;0;0;0
41;6;5;1;7;-1;0;1;0;0;21;0;3;1;0;0;0
41;1;3;-2;3;-2;0;1;0;0;21;0;1;1;1;0;0
41;2;3;-1;3;-1;1;0;0;0;21;0;1;0;0;0;0
41;8;5;3;5;3;1;0;0;0;21;0;2;1;1;0;0
41;5;5;0;5;0;0;1;0;0;21;0;2;0;0;0;0
41;10;3;7;3;7;1;0;0;0;21;0;1;0;1;0;0
41;5;5;0;5;0;1;0;0;0;21;0;2;0;0;0;0
41;6;5;1;7;-1;0;1;0;0;21;0;3;0;0;0;0
41;4;5;-1;7;-3;0;1;0;0;21;0;3;1;1;0;0
41;1;3;-2;3;-2;0;1;0;0;21;0;1;0;1;0;0
41;8;5;3;5;3;0;1;0;0;21;0;2;1;0;0;0
41;9;5;4;7;2;1;0;0;0;21;0;3;0;0;0;0
41;10;5;5;7;3;1;0;0;0;21;0;3;0;1;0;0
41;1;3;-2;3;-2;0;1;0;0;21;0;1;0;0;0;0
41;5;5;0;5;0;1;0;0;0;21;0;2;1;0;0;0
41;3;5;-2;5;-2;0;1;0;0;21;0;2;1;1;0;0
41;9;5;4;7;2;1;0;0;0;21;0;3;1;1;0;0
42;4;3;1;3;1;1;0;0;0;21;0;1;1;0;0;0
42;2;3;-1;3;-1;0;1;0;0;21;0;1;1;0;0;0
42;4;5;-1;5;-1;1;0;0;0;21;0;2;0;1;0;0
42;7;5;2;7;0;0;1;0;0;21;0;3;0;1;0;0
42;2;3;-1;3;-1;1;0;0;0;21;0;1;1;1;0;0
42;5;5;0;5;0;0;1;0;0;21;0;2;0;1;0;0
42;9;5;4;7;2;1;0;0;0;21;0;3;1;0;0;0
42;4;5;-1;7;-3;0;1;0;0;21;0;3;1;0;0;0
42;1;3;-2;3;-2;0;1;0;0;21;0;1;1;1;0;0
42;6;3;3;3;3;1;0;0;0;21;0;1;0;0;0;0
42;4;5;-1;5;-1;0;1;0;0;21;0;2;0;0;0;0
42;3;5;-2;5;-2;1;0;0;0;21;0;2;1;1;0;0
42;3;3;0;3;0;1;0;0;0;21;0;1;0;1;0;0
42;6;5;1;5;1;1;0;0;0;21;0;2;0;0;0;0
42;6;5;1;7;-1;0;1;0;0;21;0;3;0;0;0;0
42;7;5;2;7;0;0;1;0;0;21;0;3;1;1;0;0
42;2;3;-1;3;-1;0;1;0;0;21;0;1;0;1;0;0
42;1;5;-4;5;-4;0;1;0;0;21;0;2;1;0;0;0
42;9;5;4;7;2;1;0;0;0;21;0;3;0;0;0;0
42;7;5;2;7;0;1;0;0;0;21;0;3;0;1;0;0
42;1;3;-2;3;-2;0;1;0;0;21;0;1;0;0;0;0
42;8;5;3;5;3;1;0;0;0;21;0;2;1;0;0;0
42;4;5;-1;5;-1;0;1;0;0;21;0;2;1;1;0;0
42;7;5;2;7;0;1;0;0;0;21;0;3;1;1;0;0
43;2;3;-1;3;-1;0;1;0;0;22;0;1;1;0;0;0
43;3;3;0;3;0;1;0;0;0;22;0;1;1;0;0;0
43;5;5;0;5;0;1;0;0;0;22;0;2;0;1;0;0
43;7;5;2;7;0;0;1;0;0;22;0;3;0;1;0;0
43;5;3;2;3;2;1;0;0;0;22;0;1;1;1;0;0
43;5;5;0;5;0;0;1;0;0;22;0;2;0;1;0;0
43;5;5;0;7;-2;0;1;0;0;22;0;3;1;0;0;0
43;8;5;3;7;1;1;0;0;0;22;0;3;1;0;0;0
43;5;3;2;3;2;1;0;0;0;22;0;1;0;0;0;0
43;4;3;1;3;1;0;1;0;0;22;0;1;1;1;0;0
43;6;5;1;5;1;1;0;0;0;22;0;2;1;1;0;0
43;4;5;-1;5;-1;0;1;0;0;22;0;2;0;0;0;0
43;5;3;2;3;2;1;0;0;0;22;0;1;0;1;0;0
43;5;5;0;5;0;1;0;0;0;22;0;2;0;0;0;0
43;6;5;1;7;-1;0;1;0;0;22;0;3;1;1;0;0
43;6;5;1;7;-1;0;1;0;0;22;0;3;0;0;0;0
43;4;3;1;3;1;0;1;0;0;22;0;1;0;1;0;0
43;4;5;-1;5;-1;0;1;0;0;22;0;2;1;0;0;0
43;8;5;3;7;1;1;0;0;0;22;0;3;0;0;0;0
43;8;5;3;7;1;1;0;0;0;22;0;3;0;1;0;0
43;3;3;0;3;0;0;1;0;0;22;0;1;0;0;0;0
43;5;5;0;5;0;0;1;0;0;22;0;2;1;1;0;0
43;5;5;0;5;0;1;0;0;0;22;0;2;1;0;0;0
43;9;5;4;7;2;1;0;0;0;22;0;3;1;1;0;0
44;3;3;0;3;0;1;0;0;0;20;0;1;1;0;0;0
44;2;3;-1;3;-1;0;1;0;0;20;0;1;1;0;0;0
44;8;5;3;5;3;1;0;0;0;20;0;2;0;1;0;0
44;8;5;3;7;1;0;1;0;0;20;0;3;0;1;0;0
44;6;3;3;3;3;1;0;0;0;20;0;1;1;1;0;0
44;7;5;2;5;2;0;1;0;0;20;0;2;0;1;0;0
44;4;5;-1;7;-3;0;1;0;0;20;0;3;1;0;0;0
44;8;5;3;7;1;1;0;0;0;20;0;3;1;0;0;0
44;4;3;1;3;1;1;0;0;0;20;0;1;0;0;0;0
44;5;3;2;3;2;0;1;0;0;20;0;1;1;1;0;0
44;7;5;2;5;2;1;0;0;0;20;0;2;1;1;0;0
44;3;5;-2;5;-2;0;1;0;0;20;0;2;0;0;0;0
44;7;3;4;3;4;1;0;0;0;20;0;1;0;1;0;0
44;6;5;1;5;1;1;0;0;0;20;0;2;0;0;0;0
44;7;5;2;7;0;0;1;0;0;20;0;3;1;1;0;0
44;5;5;0;7;-2;0;1;0;0;20;0;3;0;0;0;0
44;5;3;2;3;2;0;1;0;0;20;0;1;0;1;0;0
44;4;5;-1;5;-1;0;1;0;0;20;0;2;1;0;0;0
44;7;5;2;7;0;1;0;0;0;20;0;3;0;0;0;0
44;8;5;3;7;1;1;0;0;0;20;0;3;0;1;0;0
44;3;3;0;3;0;0;1;0;0;20;0;1;0;0;0;0
44;6;5;1;5;1;0;1;0;0;20;0;2;1;1;0;0
44;5;5;0;5;0;1;0;0;0;20;0;2;1;0;0;0
44;7;5;2;7;0;1;0;0;0;20;0;3;1;1;0;0
45;1;3;-2;3;-2;0;1;0;0;20;0;1;1;0;0;0
45;5;3;2;3;2;1;0;0;0;20;0;1;1;0;0;0
45;9;5;4;5;4;1;0;0;0;20;0;2;0;1;0;0
45;8;5;3;7;1;0;1;0;0;20;0;3;0;1;0;0
45;7;3;4;3;4;1;0;0;0;20;0;1;1;1;0;0
45;8;5;3;5;3;0;1;0;0;20;0;2;0;1;0;0
45;5;5;0;7;-2;0;1;0;0;20;0;3;1;0;0;0
45;9;5;4;7;2;1;0;0;0;20;0;3;1;0;0;0
45;3;3;0;3;0;1;0;0;0;20;0;1;0;0;0;0
45;6;3;3;3;3;0;1;0;0;20;0;1;1;1;0;0
45;8;5;3;5;3;1;0;0;0;20;0;2;1;1;0;0
45;3;5;-2;5;-2;0;1;0;0;20;0;2;0;0;0;0
45;8;3;5;3;5;1;0;0;0;20;0;1;0;1;0;0
45;4;5;-1;5;-1;1;0;0;0;20;0;2;0;0;0;0
45;4;5;-1;7;-3;0;1;0;0;20;0;3;0;0;0;0
45;8;5;3;7;1;0;1;0;0;20;0;3;1;1;0;0
45;8;3;5;3;5;0;1;0;0;20;0;1;0;1;0;0
45;2;5;-3;5;-3;0;1;0;0;20;0;2;1;0;0;0
45;5;5;0;7;-2;1;0;0;0;20;0;3;0;0;0;0
45;9;5;4;7;2;1;0;0;0;20;0;3;0;1;0;0
45;1;3;-2;3;-2;0;1;0;0;20;0;1;0;0;0;0
45;5;5;0;5;0;0;1;0;0;20;0;2;1;1;0;0
45;4;5;-1;5;-1;1;0;0;0;20;0;2;1;0;0;0
45;8;5;3;7;1;1;0;0;0;20;0;3;1;1;0;0
46;2;3;-1;3;-1;0;1;0;0;24;0;1;1;0;0;1
46;3;3;0;3;0;1;0;0;0;24;0;1;1;0;0;1
46;7;5;2;5;2;1;0;0;0;24;0;2;0;1;0;1
46;7;5;2;7;0;0;1;0;0;24;0;3;0;1;0;1
46;5;3;2;3;2;1;0;0;0;24;0;1;1;1;0;1
46;7;5;2;5;2;0;1;0;0;24;0;2;0;1;0;1
46;6;5;1;7;-1;1;0;0;0;24;0;3;1;0;0;1
46;6;5;1;7;-1;0;1;0;0;24;0;3;1;0;0;1
46;5;3;2;3;2;0;1;0;0;24;0;1;1;1;0;1
46;3;3;0;3;0;1;0;0;0;24;0;1;0;0;0;1
46;4;5;-1;5;-1;0;1;0;0;24;0;2;0;0;0;1
46;7;5;2;5;2;1;0;0;0;24;0;2;1;1;0;1
46;5;3;2;3;2;1;0;0;0;24;0;1;0;1;0;1
46;5;5;0;5;0;1;0;0;0;24;0;2;0;0;0;1
46;7;5;2;7;0;0;1;0;0;24;0;3;1;1;0;1
46;7;5;2;7;0;0;1;0;0;24;0;3;0;0;0;1
46;4;3;1;3;1;0;1;0;0;24;0;1;0;1;0;1
46;4;5;-1;5;-1;0;1;0;0;24;0;2;1;0;0;1
46;7;5;2;7;0;1;0;0;0;24;0;3;0;0;0;1
46;7;5;2;7;0;1;0;0;0;24;0;3;0;1;0;1
46;2;3;-1;3;-1;0;1;0;0;24;0;1;0;0;0;1
46;6;5;1;5;1;0;1;0;0;24;0;2;1;1;0;1
46;5;5;0;5;0;1;0;0;0;24;0;2;1;0;0;1
46;8;5;3;7;1;1;0;0;0;24;0;3;1;1;0;1
47;3;3;0;3;0;1;0;0;0;22;1;1;1;0;0;0
47;3;3;0;3;0;0;1;0;0;22;1;1;1;0;0;0
47;6;5;1;5;1;1;0;0;0;22;1;2;0;1;0;0
47;7;5;2;7;0;0;1;0;0;22;1;3;0;1;0;0
47;9;3;6;3;6;1;0;0;0;22;1;1;1;1;0;0
47;6;5;1;5;1;0;1;0;0;22;1;2;0;1;0;0
47;6;5;1;7;-1;0;1;0;0;22;1;3;1;0;0;0
47;5;5;0;7;-2;1;0;0;0;22;1;3;1;0;0;0
47;3;3;0;3;0;1;0;0;0;22;1;1;0;0;0;0
47;7;3;4;3;4;0;1;0;0;22;1;1;1;1;0;0
47;3;5;-2;5;-2;0;1;0;0;22;1;2;0;0;0;0
47;7;5;2;5;2;1;0;0;0;22;1;2;1;1;0;0
47;9;3;6;3;6;1;0;0;0;22;1;1;0;1;0;0
47;6;5;1;5;1;1;0;0;0;22;1;2;0;0;0;0
47;7;5;2;7;0;0;1;0;0;22;1;3;1;1;0;0
47;3;5;-2;7;-4;0;1;0;0;22;1;3;0;0;0;0
47;3;3;0;3;0;0;1;0;0;22;1;1;0;1;0;0
47;3;5;-2;5;-2;0;1;0;0;22;1;2;1;0;0;0
47;6;5;1;7;-1;1;0;0;0;22;1;3;0;0;0;0
47;8;5;3;7;1;1;0;0;0;22;1;3;0;1;0;0
47;3;3;0;3;0;0;1;0;0;22;1;1;0;0;0;0
47;5;5;0;5;0;1;0;0;0;22;1;2;1;0;0;0
47;5;5;0;5;0;0;1;0;0;22;1;2;1;1;0;0
47;8;5;3;7;1;1;0;0;0;22;1;3;1;1;0;0
48;3;3;0;3;0;1;0;0;0;24;1;1;1;0;0;0
48;2;3;-1;3;-1;0;1;0;0;24;1;1;1;0;0;0
48;9;5;4;5;4;1;0;0;0;24;1;2;0;1;0;0
48;8;5;3;7;1;0;1;0;0;24;1;3;0;1;0;0
48;9;3;6;3;6;1;0;0;0;24;1;1;1;1;0;0
48;7;5;2;5;2;0;1;0;0;24;1;2;0;1;0;0
48;8;5;3;7;1;1;0;0;0;24;1;3;1;0;0;0
48;5;5;0;7;-2;0;1;0;0;24;1;3;1;0;0;0
48;5;3;2;3;2;1;0;0;0;24;1;1;0;0;0;0
48;8;3;5;3;5;0;1;0;0;24;1;1;1;1;0;0
48;7;5;2;5;2;1;0;0;0;24;1;2;1;1;0;0
48;5;5;0;5;0;0;1;0;0;24;1;2;0;0;0;0
48;7;3;4;3;4;1;0;0;0;24;1;1;0;1;0;0
48;4;5;-1;5;-1;1;0;0;0;24;1;2;0;0;0;0
48;7;5;2;7;0;0;1;0;0;24;1;3;1;1;0;0
48;6;5;1;7;-1;0;1;0;0;24;1;3;0;0;0;0
48;8;3;5;3;5;0;1;0;0;24;1;1;0;1;0;0
48;4;5;-1;5;-1;0;1;0;0;24;1;2;1;0;0;0
48;7;5;2;7;0;1;0;0;0;24;1;3;0;0;0;0
48;10;5;5;7;3;1;0;0;0;24;1;3;0;1;0;0
48;1;3;-2;3;-2;0;1;0;0;24;1;1;0;0;0;0
48;3;5;-2;5;-2;1;0;0;0;24;1;2;1;0;0;0
48;7;5;2;5;2;0;1;0;0;24;1;2;1;1;0;0
48;10;5;5;7;3;1;0;0;0;24;1;3;1;1;0;0
49;5;3;2;3;2;1;0;0;0;24;0;1;1;0;0;0
49;3;3;0;3;0;0;1;0;0;24;0;1;1;0;0;0
49;7;5;2;5;2;1;0;0;0;24;0;2;0;1;0;0
49;8;5;3;7;1;0;1;0;0;24;0;3;0;1;0;0
49;6;3;3;3;3;1;0;0;0;24;0;1;1;1;0;0
49;8;5;3;5;3;0;1;0;0;24;0;2;0;1;0;0
49;7;5;2;7;0;0;1;0;0;24;0;3;1;0;0;0
49;8;5;3;7;1;1;0;0;0;24;0;3;1;0;0;0
49;6;3;3;3;3;0;1;0;0;24;0;1;1;1;0;0
49;5;3;2;3;2;1;0;0;0;24;0;1;0;0;0;0
49;5;5;0;5;0;0;1;0;0;24;0;2;0;0;0;0
49;8;5;3;5;3;1;0;0;0;24;0;2;1;1;0;0
49;6;3;3;3;3;1;0;0;0;24;0;1;0;1;0;0
49;6;5;1;5;1;1;0;0;0;24;0;2;0;0;0;0
49;9;5;4;7;2;0;1;0;0;24;0;3;1;1;0;0
49;6;5;1;7;-1;0;1;0;0;24;0;3;0;0;0;0
49;6;3;3;3;3;0;1;0;0;24;0;1;0;1;0;0
49;3;5;-2;5;-2;0;1;0;0;24;0;2;1;0;0;0
49;7;5;2;7;0;1;0;0;0;24;0;3;0;0;0;0
49;9;5;4;7;2;1;0;0;0;24;0;3;0;1;0;0
49;1;3;-2;3;-2;0;1;0;0;24;0;1;0;0;0;0
49;4;5;-1;5;-1;1;0;0;0;24;0;2;1;0;0;0
49;8;5;3;5;3;0;1;0;0;24;0;2;1;1;0;0
49;9;5;4;7;2;1;0;0;0;24;0;3;1;1;0;0
50;6;3;3;3;3;1;0;0;0;22;0;1;1;0;0;0
50;3;3;0;3;0;0;1;0;0;22;0;1;1;0;0;0
50;8;5;3;5;3;1;0;0;0;22;0;2;0;1;0;0
50;6;5;1;7;-1;0;1;0;0;22;0;3;0;1;0;0
50;7;3;4;3;4;1;0;0;0;22;0;1;1;1;0;0
50;7;5;2;5;2;0;1;0;0;22;0;2;0;1;0;0
50;6;5;1;7;-1;0;1;0;0;22;0;3;1;0;0;0
50;8;5;3;7;1;1;0;0;0;22;0;3;1;0;0;0
50;5;3;2;3;2;1;0;0;0;22;0;1;0;0;0;0
50;6;3;3;3;3;0;1;0;0;22;0;1;1;1;0;0
50;2;5;-3;5;-3;0;1;0;0;22;0;2;0;0;0;0
50;8;5;3;5;3;1;0;0;0;22;0;2;1;1;0;0
50;7;3;4;3;4;1;0;0;0;22;0;1;0;1;0;0
50;4;5;-1;5;-1;1;0;0;0;22;0;2;0;0;0;0
50;8;5;3;7;1;0;1;0;0;22;0;3;1;1;0;0
50;5;5;0;7;-2;0;1;0;0;22;0;3;0;0;0;0
50;3;3;0;3;0;0;1;0;0;22;0;1;0;1;0;0
50;3;5;-2;5;-2;0;1;0;0;22;0;2;1;0;0;0
50;10;5;5;7;3;1;0;0;0;22;0;3;0;1;0;0
50;5;5;0;7;-2;1;0;0;0;22;0;3;0;0;0;0
50;1;3;-2;3;-2;0;1;0;0;22;0;1;0;0;0;0
50;5;5;0;5;0;1;0;0;0;22;0;2;1;0;0;0
50;7;5;2;5;2;0;1;0;0;22;0;2;1;1;0;0
50;10;5;5;7;3;1;0;0;0;22;0;3;1;1;0;0
51;4;3;1;3;1;1;0;0;0;27;1;1;1;0;0;0
51;2;3;-1;3;-1;0;1;0;0;27;1;1;1;0;0;0
51;6;5;1;5;1;1;0;0;0;27;1;2;0;1;0;0
51;6;5;1;7;-1;0;1;0;0;27;1;3;0;1;0;0
51;4;3;1;3;1;1;0;0;0;27;1;1;1;1;0;0
51;4;5;-1;5;-1;0;1;0;0;27;1;2;0;1;0;0
51;6;5;1;7;-1;0;1;0;0;27;1;3;1;0;0;0
51;8;5;3;7;1;1;0;0;0;27;1;3;1;0;0;0
51;4;3;1;3;1;1;0;0;0;27;1;1;0;0;0;0
51;3;3;0;3;0;0;1;0;0;27;1;1;1;1;0;0
51;6;5;1;5;1;1;0;0;0;27;1;2;1;1;0;0
51;4;5;-1;5;-1;0;1;0;0;27;1;2;0;0;0;0
51;6;3;3;3;3;1;0;0;0;27;1;1;0;1;0;0
51;6;5;1;5;1;1;0;0;0;27;1;2;0;0;0;0
51;6;5;1;7;-1;0;1;0;0;27;1;3;1;1;0;0
51;6;5;1;7;-1;0;1;0;0;27;1;3;0;0;0;0
51;3;3;0;3;0;0;1;0;0;27;1;1;0;1;0;0
51;4;5;-1;5;-1;0;1;0;0;27;1;2;1;0;0;0
51;8;5;3;7;1;1;0;0;0;27;1;3;0;0;0;0
51;10;5;5;7;3;1;0;0;0;27;1;3;0;1;0;0
51;2;3;-1;3;-1;0;1;0;0;27;1;1;0;0;0;0
51;4;5;-1;5;-1;0;1;0;0;27;1;2;1;1;0;0
51;6;5;1;5;1;1;0;0;0;27;1;2;1;0;0;0
51;10;5;5;7;3;1;0;0;0;27;1;3;1;1;0;0
52;1;3;-2;3;-2;0;1;0;0;28;0;1;1;0;0;1
52;1;3;-2;3;-2;1;0;0;0;28;0;1;1;0;0;1
52;5;5;0;5;0;1;0;0;0;28;0;2;0;1;0;1
52;3;5;-2;7;-4;0;1;0;0;28;0;3;0;1;0;1
52;5;3;2;3;2;1;0;0;0;28;0;1;1;1;0;1
52;4;5;-1;5;-1;0;1;0;0;28;0;2;0;1;0;1
52;5;5;0;7;-2;0;1;0;0;28;0;3;1;0;0;1
52;5;5;0;7;-2;1;0;0;0;28;0;3;1;0;0;1
52;1;3;-2;3;-2;0;1;0;0;28;0;1;1;1;0;1
52;2;3;-1;3;-1;1;0;0;0;28;0;1;0;0;0;1
52;3;5;-2;5;-2;0;1;0;0;28;0;2;0;0;0;1
52;5;5;0;5;0;1;0;0;0;28;0;2;1;1;0;1
52;5;3;2;3;2;1;0;0;0;28;0;1;0;1;0;1
52;3;5;-2;5;-2;1;0;0;0;28;0;2;0;0;0;1
52;5;5;0;7;-2;0;1;0;0;28;0;3;0;0;0;1
52;5;5;0;7;-2;0;1;0;0;28;0;3;1;1;0;1
52;1;3;-2;3;-2;0;1;0;0;28;0;1;0;1;0;1
52;2;5;-3;5;-3;0;1;0;0;28;0;2;1;0;0;1
52;5;5;0;7;-2;1;0;0;0;28;0;3;0;0;0;1
52;5;5;0;7;-2;1;0;0;0;28;0;3;0;1;0;1
52;1;3;-2;3;-2;0;1;0;0;28;0;1;0;0;0;1
52;5;5;0;5;0;1;0;0;0;28;0;2;1;0;0;1
52;3;5;-2;5;-2;0;1;0;0;28;0;2;1;1;0;1
52;5;5;0;7;-2;1;0;0;0;28;0;3;1;1;0;1
53;3;3;0;3;0;1;0;0;0;24;0;1;1;0;0;0
53;2;3;-1;3;-1;0;1;0;0;24;0;1;1;0;0;0
53;6;5;1;5;1;1;0;0;0;24;0;2;0;1;0;0
53;7;5;2;7;0;0;1;0;0;24;0;3;0;1;0;0
53;4;3;1;3;1;1;0;0;0;24;0;1;1;1;0;0
53;5;5;0;5;0;0;1;0;0;24;0;2;0;1;0;0
53;7;5;2;7;0;1;0;0;0;24;0;3;1;0;0;0
53;6;5;1;7;-1;0;1;0;0;24;0;3;1;0;0;0
53;4;3;1;3;1;0;1;0;0;24;0;1;1;1;0;0
53;3;3;0;3;0;1;0;0;0;24;0;1;0;0;0;0
53;6;5;1;5;1;1;0;0;0;24;0;2;1;1;0;0
53;4;5;-1;5;-1;0;1;0;0;24;0;2;0;0;0;0
53;4;3;1;3;1;1;0;0;0;24;0;1;0;1;0;0
53;5;5;0;5;0;1;0;0;0;24;0;2;0;0;0;0
53;7;5;2;7;0;0;1;0;0;24;0;3;1;1;0;0
53;6;5;1;7;-1;0;1;0;0;24;0;3;0;0;0;0
53;4;3;1;3;1;0;1;0;0;24;0;1;0;1;0;0
53;4;5;-1;5;-1;0;1;0;0;24;0;2;1;0;0;0
53;8;5;3;7;1;1;0;0;0;24;0;3;0;1;0;0
53;7;5;2;7;0;1;0;0;0;24;0;3;0;0;0;0
53;2;3;-1;3;-1;0;1;0;0;24;0;1;0;0;0;0
53;5;5;0;5;0;1;0;0;0;24;0;2;1;0;0;0
53;5;5;0;5;0;0;1;0;0;24;0;2;1;1;0;0
53;8;5;3;7;1;1;0;0;0;24;0;3;1;1;0;0
54;2;3;-1;3;-1;0;1;0;0;25;1;1;1;0;0;0
54;5;3;2;3;2;1;0;0;0;25;1;1;1;0;0;0
54;6;5;1;5;1;1;0;0;0;25;1;2;0;1;0;0
54;6;5;1;7;-1;0;1;0;0;25;1;3;0;1;0;0
54;6;3;3;3;3;1;0;0;0;25;1;1;1;1;0;0
54;6;5;1;5;1;0;1;0;0;25;1;2;0;1;0;0
54;7;5;2;7;0;1;0;0;0;25;1;3;1;0;0;0
54;6;5;1;7;-1;0;1;0;0;25;1;3;1;0;0;0
54;5;3;2;3;2;1;0;0;0;25;1;1;0;0;0;0
54;2;3;-1;3;-1;0;1;0;0;25;1;1;1;1;0;0
54;5;5;0;5;0;0;1;0;0;25;1;2;0;0;0;0
54;6;5;1;5;1;1;0;0;0;25;1;2;1;1;0;0
54;7;3;4;3;4;1;0;0;0;25;1;1;0;1;0;0
54;6;5;1;5;1;1;0;0;0;25;1;2;0;0;0;0
54;6;5;1;7;-1;0;1;0;0;25;1;3;0;0;0;0
54;2;3;-1;3;-1;0;1;0;0;25;1;1;0;1;0;0
54;5;5;0;5;0;0;1;0;0;25;1;2;1;0;0;0
54;7;5;2;7;0;1;0;0;0;25;1;3;0;1;0;0
54;7;5;2;7;0;1;0;0;0;25;1;3;0;0;0;0
54;2;3;-1;3;-1;0;1;0;0;25;1;1;0;0;0;0
54;5;5;0;5;0;1;0;0;0;25;1;2;1;0;0;0
54;4;5;-1;5;-1;0;1;0;0;25;1;2;1;1;0;0
54;7;5;2;7;0;1;0;0;0;25;1;3;1;1;0;0
55;5;3;2;3;2;1;0;0;0;26;1;1;1;0;0;0
55;2;3;-1;3;-1;0;1;0;0;26;1;1;1;0;0;0
55;10;5;5;5;5;1;0;0;0;26;1;2;0;1;0;0
55;8;5;3;7;1;0;1;0;0;26;1;3;0;1;0;0
55;10;3;7;3;7;1;0;0;0;26;1;1;1;1;0;0
55;6;5;1;5;1;0;1;0;0;26;1;2;0;1;0;0
55;6;5;1;7;-1;0;1;0;0;26;1;3;1;0;0;0
55;9;5;4;7;2;1;0;0;0;26;1;3;1;0;0;0
55;4;3;1;3;1;0;1;0;0;26;1;1;1;1;0;0
55;7;3;4;3;4;1;0;0;0;26;1;1;0;0;0;0
55;4;5;-1;5;-1;0;1;0;0;26;1;2;0;0;0;0
55;10;5;5;5;5;1;0;0;0;26;1;2;1;1;0;0
55;10;3;7;3;7;1;0;0;0;26;1;1;0;1;0;0
55;7;5;2;5;2;1;0;0;0;26;1;2;0;0;0;0
55;7;5;2;7;0;0;1;0;0;25;1;3;1;1;0;0
55;8;5;3;7;1;0;1;0;0;26;1;3;1;1;0;0
55;6;5;1;7;-1;0;1;0;0;26;1;3;0;0;0;0
55;4;3;1;3;1;0;1;0;0;26;1;1;0;1;0;0
55;4;5;-1;5;-1;0;1;0;0;26;1;2;1;0;0;0
55;10;5;5;7;3;1;0;0;0;26;1;3;0;1;0;0
55;9;5;4;7;2;1;0;0;0;26;1;3;0;0;0;0
55;2;3;-1;3;-1;0;1;0;0;26;1;1;0;0;0;0
55;7;5;2;5;2;1;0;0;0;26;1;2;1;0;0;0
55;6;5;1;5;1;0;1;0;0;26;1;2;1;1;0;0
55;10;5;5;7;3;1;0;0;0;26;1;3;1;1;0;0
56;3;3;0;3;0;1;0;0;0;23;0;1;1;0;0;0
56;8;3;5;3;5;0;1;0;0;23;0;1;1;0;0;0
56;8;5;3;5;3;1;0;0;0;23;0;2;0;1;0;0
56;7;5;2;7;0;0;1;0;0;23;0;3;0;1;0;0
56;6;3;3;3;3;1;0;0;0;23;0;1;1;1;0;0
56;6;5;1;5;1;0;1;0;0;23;0;2;0;1;0;0
56;8;5;3;7;1;1;0;0;0;23;0;3;1;0;0;0
56;5;5;0;7;-2;0;1;0;0;23;0;3;1;0;0;0
56;4;3;1;3;1;1;0;0;0;23;0;1;0;0;0;0
56;5;3;2;3;2;0;1;0;0;23;0;1;1;1;0;0
56;9;5;4;5;4;1;0;0;0;23;0;2;1;1;0;0
56;6;5;1;5;1;0;1;0;0;23;0;2;0;0;0;0
56;7;3;4;3;4;1;0;0;0;23;0;1;0;1;0;0
56;6;5;1;5;1;1;0;0;0;23;0;2;0;0;0;0
56;5;5;0;7;-2;0;1;0;0;23;0;3;0;0;0;0
56;6;5;1;7;-1;0;1;0;0;23;0;3;1;1;0;0
56;6;3;3;3;3;0;1;0;0;23;0;1;0;1;0;0
56;3;5;-2;5;-2;0;1;0;0;23;0;2;1;0;0;0
56;7;5;2;7;0;1;0;0;0;23;0;3;0;1;0;0
56;7;5;2;7;0;1;0;0;0;23;0;3;0;0;0;0
56;2;3;-1;3;-1;0;1;0;0;23;0;1;0;0;0;0
56;6;5;1;5;1;1;0;0;0;23;0;2;1;0;0;0
56;6;5;1;5;1;0;1;0;0;23;0;2;1;1;0;0
56;7;5;2;7;0;1;0;0;0;23;0;3;1;1;0;0
57;7;3;4;3;4;1;0;0;0;23;0;1;1;0;0;1
57;8;3;5;3;5;0;1;0;0;23;0;1;1;0;0;1
57;7;5;2;5;2;1;0;0;0;23;0;2;0;1;0;1
57;7;5;2;7;0;0;1;0;0;23;0;3;0;1;0;1
57;7;3;4;3;4;1;0;0;0;23;0;1;1;1;0;1
57;6;5;1;5;1;0;1;0;0;23;0;2;0;1;0;1
57;5;5;0;7;-2;1;0;0;0;23;0;3;1;0;0;1
57;6;5;1;7;-1;0;1;0;0;23;0;3;1;0;0;1
57;5;3;2;3;2;0;1;0;0;23;0;1;1;1;0;1
57;7;3;4;3;4;1;0;0;0;23;0;1;0;0;0;1
57;7;5;2;5;2;1;0;0;0;23;0;2;1;1;0;1
57;4;5;-1;5;-1;0;1;0;0;23;0;2;0;0;0;1
57;7;3;4;3;4;1;0;0;0;23;0;1;0;1;0;1
57;5;5;0;5;0;1;0;0;0;23;0;2;0;0;0;1
57;2;5;-3;7;-5;0;1;0;0;23;0;3;1;1;0;1
57;3;5;-2;7;-4;0;1;0;0;23;0;3;0;0;0;1
57;8;3;5;3;5;0;1;0;0;23;0;1;0;1;0;1
57;6;5;1;5;1;0;1;0;0;23;0;2;1;0;0;1
57;8;5;3;7;1;1;0;0;0;23;0;3;0;1;0;1
57;7;5;2;7;0;1;0;0;0;23;0;3;0;0;0;1
57;4;3;1;3;1;0;1;0;0;23;0;1;0;0;0;1
57;4;5;-1;5;-1;0;1;0;0;23;0;2;1;1;0;1
57;6;5;1;5;1;1;0;0;0;23;0;2;1;0;0;1
57;7;5;2;7;0;1;0;0;0;23;0;3;1;1;0;1
58;5;3;2;3;2;1;0;1;0;25;1;1;1;0;0;0
58;2;3;-1;3;-1;0;1;1;0;25;1;1;1;0;0;0
58;7;5;2;5;2;1;0;1;0;25;1;2;0;1;1;0
58;8;5;3;7;1;0;1;1;0;25;1;3;0;1;1;0
58;7;3;4;3;4;1;0;1;0;25;1;1;1;1;1;0
58;7;5;2;5;2;0;1;1;0;25;1;2;0;1;1;0
58;5;5;0;7;-2;0;1;1;0;25;1;3;1;0;0;0
58;6;5;1;7;-1;1;0;1;0;25;1;3;1;0;0;0
58;6;3;3;3;3;0;1;1;0;25;1;1;1;1;1;0
58;6;3;3;3;3;1;0;1;0;25;1;1;0;0;0;0
58;4;5;-1;5;-1;0;1;1;0;25;1;2;0;0;0;0
58;6;5;1;5;1;1;0;1;0;25;1;2;1;1;1;0
58;7;3;4;3;4;1;0;1;0;25;1;1;0;1;1;0
58;6;5;1;5;1;1;0;1;0;25;1;2;0;0;0;0
58;7;5;2;7;0;0;1;1;0;25;1;3;1;1;1;0
58;5;5;0;7;-2;0;1;1;0;25;1;3;0;0;0;0
58;4;3;1;3;1;0;1;1;0;25;1;1;0;1;1;0
58;2;5;-3;5;-3;0;1;1;0;25;1;2;1;0;0;0
58;7;5;2;7;0;1;0;1;0;25;1;3;0;0;0;0
58;7;5;2;7;0;1;0;1;0;25;1;3;0;1;1;0
58;3;3;0;3;0;0;1;1;0;25;1;1;0;0;0;0
58;6;5;1;5;1;0;1;1;0;25;1;2;1;1;1;0
58;7;5;2;5;2;1;0;1;0;25;1;2;1;0;0;0
58;7;5;2;7;0;1;0;1;0;25;1;3;1;1;1;0
59;2;3;-1;3;-1;0;1;1;0;25;1;1;1;0;0;1
59;4;3;1;3;1;1;0;1;0;25;1;1;1;0;0;1
59;6;5;1;5;1;1;0;1;0;25;1;2;0;1;1;1
59;5;5;0;7;-2;0;1;1;0;25;1;3;0;1;1;1
59;5;3;2;3;2;1;0;1;0;25;1;1;1;1;1;1
59;4;5;-1;5;-1;0;1;1;0;25;1;2;0;1;1;1
59;6;5;1;7;-1;1;0;1;0;25;1;3;1;0;0;1
59;5;5;0;7;-2;0;1;1;0;25;1;3;1;0;0;1
59;4;3;1;3;1;0;1;1;0;25;1;1;1;1;1;1
59;4;3;1;3;1;1;0;1;0;25;1;1;0;0;0;1
59;6;5;1;5;1;1;0;1;0;25;1;2;1;1;1;1
59;4;5;-1;5;-1;0;1;1;0;25;1;2;0;0;0;1
59;6;3;3;3;3;1;0;1;0;25;1;1;0;1;1;1
59;5;5;0;5;0;1;0;1;0;25;1;2;0;0;0;1
59;5;5;0;7;-2;0;1;1;0;25;1;3;0;0;0;1
59;6;5;1;7;-1;0;1;1;0;25;1;3;1;1;1;1
59;5;3;2;3;2;0;1;1;0;25;1;1;0;1;1;1
59;4;5;-1;5;-1;0;1;1;0;25;1;2;1;0;0;1
59;8;5;3;7;1;1;0;1;0;25;1;3;0;1;1;1
59;6;5;1;7;-1;1;0;1;0;25;1;3;0;0;0;1
59;2;3;-1;3;-1;0;1;1;0;25;1;1;0;0;0;1
59;6;5;1;5;1;0;1;1;0;25;1;2;1;1;1;1
59;5;5;0;5;0;1;0;1;0;25;1;2;1;0;0;1
59;9;5;4;7;2;1;0;1;0;25;1;3;1;1;1;1
60;2;3;-1;3;-1;0;1;1;0;26;1;1;1;0;0;0
60;3;3;0;3;0;1;0;1;0;26;1;1;1;0;0;0
60;7;5;2;5;2;1;0;1;0;26;1;2;0;1;1;0
60;8;5;3;7;1;0;1;1;0;26;1;3;0;1;1;0
60;5;3;2;3;2;1;0;1;0;26;1;1;1;1;1;0
60;7;5;2;5;2;0;1;1;0;26;1;2;0;1;1;0
60;5;5;0;7;-2;0;1;1;0;26;1;3;1;0;0;0
60;8;5;3;7;1;1;0;1;0;26;1;3;1;0;0;0
60;5;3;2;3;2;0;1;1;0;26;1;1;1;1;1;0
60;3;3;0;3;0;1;0;1;0;26;1;1;0;0;0;0
60;4;5;-1;5;-1;0;1;1;0;26;1;2;0;0;0;0
60;7;5;2;5;2;1;0;1;0;26;1;2;1;1;1;0
60;5;3;2;3;2;1;0;1;0;26;1;1;0;1;1;0
60;6;5;1;5;1;1;0;1;0;26;1;2;0;0;0;0
60;8;5;3;7;1;0;1;1;0;26;1;3;1;1;1;0
60;5;5;0;7;-2;0;1;1;0;26;1;3;0;0;0;0
60;5;3;2;3;2;0;1;1;0;26;1;1;0;1;1;0
60;4;5;-1;5;-1;0;1;1;0;26;1;2;1;0;0;0
60;9;5;4;7;2;1;0;1;0;26;1;3;0;1;1;0
60;8;5;3;7;1;1;0;1;0;26;1;3;0;0;0;0
60;3;3;0;3;0;0;1;1;0;26;1;1;0;0;0;0
60;6;5;1;5;1;1;0;1;0;26;1;2;1;0;0;0
60;7;5;2;5;2;0;1;1;0;26;1;2;1;1;1;0
60;9;5;4;7;2;1;0;1;0;26;1;3;1;1;1;0
61;2;3;-1;3;-1;0;1;0;0;23;0;1;1;0;0;1
61;2;3;-1;3;-1;1;0;0;0;23;0;1;1;0;0;1
61;4;5;-1;5;-1;1;0;0;0;23;0;2;0;1;0;1
61;8;5;3;7;1;0;1;0;0;23;0;3;0;1;0;1
61;1;3;-2;3;-2;1;0;0;0;23;0;1;1;1;0;1
61;7;5;2;5;2;0;1;0;0;23;0;2;0;1;0;1
61;3;5;-2;7;-4;1;0;0;0;23;0;3;1;0;0;1
61;7;5;2;7;0;0;1;0;0;23;0;3;1;0;0;1
61;3;3;0;3;0;0;1;0;0;23;0;1;1;1;0;1
61;3;3;0;3;0;1;0;0;0;23;0;1;0;0;0;1
61;2;5;-3;5;-3;1;0;0;0;23;0;2;1;1;0;1
61;3;5;-2;5;-2;0;1;0;0;23;0;2;0;0;0;1
61;5;3;2;3;2;1;0;0;0;23;0;1;0;1;0;1
61;7;5;2;5;2;1;0;0;0;23;0;2;0;0;0;1
61;6;5;1;7;-1;0;1;0;0;23;0;3;0;0;0;1
61;5;5;0;7;-2;0;1;0;0;23;0;3;1;1;0;1
61;5;3;2;3;2;0;1;0;0;23;0;1;0;1;0;1
61;2;5;-3;5;-3;0;1;0;0;23;0;2;1;0;0;1
61;6;5;1;7;-1;1;0;0;0;23;0;3;0;0;0;1
61;6;5;1;7;-1;1;0;0;0;23;0;3;0;1;0;1
61;2;3;-1;3;-1;0;1;0;0;23;0;1;0;0;0;1
61;3;5;-2;5;-2;0;1;0;0;23;0;2;1;1;0;1
61;3;5;-2;5;-2;1;0;0;0;23;0;2;1;0;0;1
61;2;5;-3;7;-5;1;0;0;0;23;0;3;1;1;0;1
62;1;3;-2;3;-2;1;0;0;0;23;0;1;1;0;0;0
62;1;3;-2;3;-2;0;1;0;0;23;0;1;1;0;0;0
62;3;5;-2;5;-2;1;0;0;0;23;0;2;0;1;0;0
62;5;5;0;7;-2;0;1;0;0;23;0;3;0;1;0;0
62;2;3;-1;3;-1;1;0;0;0;23;0;1;1;1;0;0
62;3;5;-2;5;-2;0;1;0;0;23;0;2;0;1;0;0
62;5;5;0;7;-2;1;0;0;0;23;0;3;1;0;0;0
62;10;5;5;7;3;0;1;0;0;23;0;3;1;0;0;0
62;2;3;-1;3;-1;0;1;0;0;23;0;1;1;1;0;0
62;1;3;-2;3;-2;1;0;0;0;23;0;1;0;0;0;0
62;3;5;-2;5;-2;1;0;0;0;23;0;2;1;1;0;0
62;3;5;-2;5;-2;0;1;0;0;23;0;2;0;0;0;0
62;1;3;-2;3;-2;1;0;0;0;23;0;1;0;1;0;0
62;4;5;-1;5;-1;1;0;0;0;23;0;2;0;0;0;0
62;6;5;1;7;-1;0;1;0;0;23;0;3;1;1;0;0
62;5;5;0;7;-2;0;1;0;0;23;0;3;0;0;0;0
62;1;3;-2;3;-2;0;1;0;0;23;0;1;0;1;0;0
62;3;5;-2;5;-2;0;1;0;0;23;0;2;1;0;0;0
62;5;5;0;7;-2;1;0;0;0;23;0;3;0;1;0;0
62;5;5;0;7;-2;1;0;0;0;23;0;3;0;0;0;0
62;1;3;-2;3;-2;0;1;0;0;23;0;1;0;0;0;0
62;4;5;-1;5;-1;0;1;0;0;23;0;2;1;1;0;0
62;3;5;-2;5;-2;1;0;0;0;23;0;2;1;0;0;0
62;6;5;1;7;-1;1;0;0;0;23;0;3;1;1;0;0
63;1;3;-2;3;-2;0;1;0;0;23;0;1;1;0;0;0
63;1;3;-2;3;-2;1;0;0;0;23;0;1;1;0;0;0
63;10;5;5;5;5;1;0;0;0;23;0;2;0;1;0;0
63;10;5;5;7;3;0;1;0;0;23;0;3;0;1;0;0
63;6;3;3;3;3;1;0;0;0;23;0;1;1;1;0;0
63;7;5;2;5;2;0;1;0;0;23;0;2;0;1;0;0
63;6;5;1;7;-1;0;1;0;0;23;0;3;1;0;0;0
63;4;5;-1;7;-3;1;0;0;0;23;0;3;1;0;0;0
63;5;3;2;3;2;0;1;0;0;23;0;1;1;1;0;0
63;8;3;5;3;5;1;0;0;0;23;0;1;0;0;0;0
63;5;5;0;5;0;0;1;0;0;23;0;2;0;0;0;0
63;6;5;1;5;1;1;0;0;0;23;0;2;1;1;0;0
63;6;3;3;3;3;1;0;0;0;23;0;1;0;1;0;0
63;9;5;4;5;4;1;0;0;0;23;0;2;0;0;0;0
63;6;5;1;7;-1;0;1;0;0;23;0;3;1;1;0;0
63;3;5;-2;7;-4;0;1;0;0;23;0;3;0;0;0;0
63;5;3;2;3;2;0;1;0;0;23;0;1;0;1;0;0
63;1;5;-4;5;-4;0;1;0;0;23;0;2;1;0;0;0
63;6;5;1;7;-1;1;0;0;0;23;0;3;0;0;0;0
63;10;5;5;7;3;1;0;0;0;23;0;3;0;1;0;0
63;9;3;6;3;6;0;1;0;0;23;0;1;0;0;0;0
63;4;5;-1;5;-1;1;0;0;0;23;0;2;1;0;0;0
63;6;5;1;5;1;0;1;0;0;23;0;2;1;1;0;0
63;5;5;0;7;-2;1;0;0;0;23;0;3;1;1;0;0
64;2;3;-1;3;-1;1;0;1;0;24;0;1;1;0;0;1
64;2;3;-1;3;-1;0;1;1;0;24;0;1;1;0;0;1
64;6;5;1;5;1;1;0;1;0;24;0;2;0;1;1;1
64;9;5;4;7;2;0;1;1;0;24;0;3;0;1;1;1
64;5;3;2;3;2;1;0;1;0;24;0;1;1;1;1;1
64;6;5;1;5;1;0;1;1;0;24;0;2;0;1;1;1
64;9;5;4;7;2;0;1;1;0;24;0;3;1;0;0;1
64;9;5;4;7;2;1;0;1;0;24;0;3;1;0;0;1
64;3;3;0;3;0;0;1;1;0;24;0;1;1;1;1;1
64;3;3;0;3;0;1;0;1;0;24;0;1;0;0;0;1
64;6;5;1;5;1;1;0;1;0;24;0;2;1;1;1;1
64;4;5;-1;5;-1;0;1;1;0;24;0;2;0;0;0;1
64;5;3;2;3;2;1;0;1;0;24;0;1;0;1;1;1
64;4;5;-1;5;-1;1;0;1;0;24;0;2;0;0;0;1
64;9;5;4;7;2;0;1;1;0;24;0;3;0;0;0;1
64;7;5;2;7;0;0;1;1;0;24;0;3;1;1;1;1
64;5;3;2;3;2;0;1;1;0;24;0;1;0;1;1;1
64;3;5;-2;5;-2;0;1;1;0;24;0;2;1;0;0;1
64;9;5;4;7;2;1;0;1;0;24;0;3;0;0;0;1
64;8;5;3;7;1;1;0;1;0;24;0;3;0;1;1;1
64;3;3;0;3;0;0;1;1;0;24;0;1;0;0;0;1
64;6;5;1;5;1;0;1;1;0;24;0;2;1;1;1;1
64;3;5;-2;5;-2;1;0;1;0;24;0;2;1;0;0;1
64;9;5;4;7;2;1;0;1;0;24;0;3;1;1;1;1
65;3;3;0;3;0;1;0;0;0;25;0;1;1;0;0;0
65;3;3;0;3;0;0;1;0;0;25;0;1;1;0;0;0
65;10;5;5;5;5;1;0;0;0;25;0;2;0;1;0;0
65;7;5;2;7;0;0;1;0;0;25;0;3;0;1;0;0
65;10;3;7;3;7;1;0;0;0;25;0;1;1;1;0;0
65;5;5;0;5;0;0;1;0;0;25;0;2;0;1;0;0
65;7;5;2;7;0;0;1;0;0;25;0;3;1;0;0;0
65;7;5;2;7;0;1;0;0;0;25;0;3;1;0;0;0
65;3;3;0;3;0;1;0;0;0;25;0;1;0;0;0;0
65;3;3;0;3;0;0;1;0;0;25;0;1;1;1;0;0
65;10;5;5;5;5;1;0;0;0;25;0;2;1;1;0;0
65;5;5;0;5;0;0;1;0;0;25;0;2;0;0;0;0
65;10;3;7;3;7;1;0;0;0;25;0;1;0;1;0;0
65;5;5;0;5;0;1;0;0;0;25;0;2;0;0;0;0
65;7;5;2;7;0;0;1;0;0;25;0;3;0;0;0;0
65;7;5;2;7;0;0;1;0;0;25;0;3;1;1;0;0
65;3;3;0;3;0;0;1;0;0;25;0;1;0;1;0;0
65;5;5;0;5;0;0;1;0;0;25;0;2;1;0;0;0
65;10;5;5;7;3;1;0;0;0;25;0;3;0;1;0;0
65;7;5;2;7;0;1;0;0;0;25;0;3;0;0;0;0
65;3;3;0;3;0;0;1;0;0;25;0;1;0;0;0;0
65;5;5;0;5;0;0;1;0;0;25;0;2;1;1;0;0
65;5;5;0;5;0;1;0;0;0;25;0;2;1;0;0;0
65;10;5;5;7;3;1;0;0;0;25;0;3;1;1;0;0
66;1;3;-2;3;-2;0;1;0;0;26;1;1;1;0;0;0
66;5;3;2;3;2;1;0;0;0;26;1;1;1;0;0;0
66;8;5;3;5;3;1;0;0;0;26;1;2;0;1;0;0
66;8;5;3;7;1;0;1;0;0;26;1;3;0;1;0;0
66;5;3;2;3;2;1;0;0;0;26;1;1;1;1;0;0
66;5;5;0;5;0;0;1;0;0;26;1;2;0;1;0;0
66;8;5;3;7;1;1;0;0;0;26;1;3;1;0;0;0
66;4;5;-1;7;-3;0;1;0;0;26;1;3;1;0;0;0
66;5;3;2;3;2;1;0;0;0;26;1;1;0;0;0;0
66;3;3;0;3;0;0;1;0;0;26;1;1;1;1;0;0
66;3;5;-2;5;-2;0;1;0;0;26;1;2;0;0;0;0
66;7;5;2;5;2;1;0;0;0;26;1;2;1;1;0;0
66;5;3;2;3;2;1;0;0;0;26;1;1;0;1;0;0
66;7;5;2;5;2;1;0;0;0;26;1;2;0;0;0;0
66;8;5;3;7;1;0;1;0;0;26;1;3;1;1;0;0
66;5;5;0;7;-2;0;1;0;0;26;1;3;0;0;0;0
66;3;3;0;3;0;0;1;0;0;26;1;1;0;1;0;0
66;3;5;-2;5;-2;0;1;0;0;26;1;2;1;0;0;0
66;10;5;5;7;3;1;0;0;0;26;1;3;0;1;0;0
66;8;5;3;7;1;1;0;0;0;26;1;3;0;0;0;0
66;1;3;-2;3;-2;0;1;0;0;26;1;1;0;0;0;0
66;5;5;0;5;0;0;1;0;0;26;1;2;1;1;0;0
66;7;5;2;5;2;1;0;0;0;26;1;2;1;0;0;0
66;10;5;5;7;3;1;0;0;0;26;1;3;1;1;0;0
67;5;3;2;3;2;0;1;0;0;21;1;1;1;0;0;1
67;5;3;2;3;2;1;0;0;0;21;1;1;1;0;0;1
67;8;5;3;5;3;1;0;0;0;21;1;2;0;1;0;1
67;6;5;1;7;-1;0;1;0;0;21;1;3;0;1;0;1
67;5;3;2;3;2;1;0;0;0;21;1;1;1;1;0;1
67;6;5;1;5;1;0;1;0;0;21;1;2;0;1;0;1
67;5;5;0;7;-2;0;1;0;0;21;1;3;1;0;0;1
67;8;5;3;7;1;1;0;0;0;21;1;3;1;0;0;1
67;6;3;3;3;3;1;0;0;0;21;1;1;0;0;0;1
67;1;3;-2;3;-2;0;1;0;0;21;1;1;1;1;0;1
67;7;5;2;5;2;1;0;0;0;21;1;2;1;1;0;1
67;3;5;-2;5;-2;0;1;0;0;21;1;2;0;0;0;1
67;6;3;3;3;3;1;0;0;0;21;1;1;0;1;0;1
67;7;5;2;5;2;1;0;0;0;21;1;2;0;0;0;1
67;6;5;1;7;-1;0;1;0;0;21;1;3;1;1;0;1
67;5;5;0;7;-2;0;1;0;0;21;1;3;0;0;0;1
67;1;3;-2;3;-2;0;1;0;0;21;1;1;0;1;0;1
67;3;5;-2;5;-2;0;1;0;0;21;1;2;1;0;0;1
67;7;5;2;7;0;1;0;0;0;21;1;3;0;1;0;1
67;8;5;3;7;1;1;0;0;0;21;1;3;0;0;0;1
67;2;3;-1;3;-1;0;1;0;0;21;1;1;0;0;0;1
67;4;5;-1;5;-1;0;1;0;0;21;1;2;1;1;0;1
67;7;5;2;5;2;1;0;0;0;21;1;2;1;0;0;1
67;9;5;4;7;2;1;0;0;0;21;1;3;1;1;0;1
68;2;3;-1;3;-1;0;1;0;0;21;1;1;1;0;0;0
68;5;3;2;3;2;1;0;0;0;21;1;1;1;0;0;0
68;7;5;2;5;2;1;0;0;0;21;1;2;0;1;0;0
68;2;5;-3;7;-5;0;1;0;0;21;1;3;0;1;0;0
68;6;3;3;3;3;1;0;0;0;21;1;1;1;1;0;0
68;3;5;-2;5;-2;0;1;0;0;21;1;2;0;1;0;0
68;9;5;4;7;2;1;0;0;0;21;1;3;1;0;0;0
68;5;5;0;7;-2;0;1;0;0;21;1;3;1;0;0;0
68;2;3;-1;3;-1;0;1;0;0;21;1;1;1;1;0;0
68;6;3;3;3;3;1;0;0;0;21;1;1;0;0;0;0
68;7;5;2;5;2;1;0;0;0;21;1;2;1;1;0;0
68;3;5;-2;5;-2;0;1;0;0;21;1;2;0;0;0;0
68;6;3;3;3;3;1;0;0;0;21;1;1;0;1;0;0
68;7;5;2;5;2;1;0;0;0;21;1;2;0;0;0;0
68;5;5;0;7;-2;0;1;0;0;21;1;3;0;0;0;0
68;5;5;0;7;-2;0;1;0;0;21;1;3;1;1;0;0
68;1;3;-2;3;-2;0;1;0;0;21;1;1;0;1;0;0
68;3;5;-2;5;-2;0;1;0;0;21;1;2;1;0;0;0
68;9;5;4;7;2;1;0;0;0;21;1;3;0;1;0;0
68;9;5;4;7;2;1;0;0;0;21;1;3;0;0;0;0
68;1;3;-2;3;-2;0;1;0;0;21;1;1;0;0;0;0
68;3;5;-2;5;-2;0;1;0;0;21;1;2;1;1;0;0
68;7;5;2;5;2;1;0;0;0;21;1;2;1;0;0;0
68;9;5;4;7;2;1;0;0;0;21;1;3;1;1;0;0
69;10;3;7;3;7;1;0;0;0;23;0;1;1;0;0;0
69;0;3;-3;3;-3;0;1;0;0;23;0;1;1;0;0;0
69;10;5;5;5;5;1;0;0;0;23;0;2;0;1;0;0
69;5;5;0;7;-2;0;1;0;0;23;0;3;0;1;0;0
69;10;3;7;3;7;1;0;0;0;23;0;1;1;1;0;0
69;3;5;-2;5;-2;0;1;0;0;23;0;2;0;1;0;0
69;0;5;-5;7;-7;0;1;0;0;23;0;3;1;0;0;0
69;10;5;5;7;3;1;0;0;0;23;0;3;1;0;0;0
69;3;3;0;3;0;0;1;0;0;23;0;1;1;1;0;0
69;10;3;7;3;7;1;0;0;0;23;0;1;0;0;0;0
69;10;5;5;5;5;1;0;0;0;23;0;2;1;1;0;0
69;0;5;-5;5;-5;0;1;0;0;23;0;2;0;0;0;0
69;10;3;7;3;7;1;0;0;0;23;0;1;0;1;0;0
69;10;5;5;5;5;1;0;0;0;23;0;2;0;0;0;0
69;3;5;-2;7;-4;0;1;0;0;23;0;3;1;1;0;0
69;0;5;-5;7;-7;0;1;0;0;23;0;3;0;0;0;0
69;3;3;0;3;0;0;1;0;0;23;0;1;0;1;0;0
69;0;5;-5;5;-5;0;1;0;0;23;0;2;1;0;0;0
69;10;5;5;7;3;1;0;0;0;23;0;3;0;0;0;0
69;10;5;5;7;3;1;0;0;0;23;0;3;0;1;0;0
69;0;3;-3;3;-3;0;1;0;0;23;0;1;0;0;0;0
69;3;5;-2;5;-2;0;1;0;0;23;0;2;1;1;0;0
69;10;5;5;5;5;1;0;0;0;23;0;2;1;0;0;0
69;10;5;5;7;3;1;0;0;0;23;0;3;1;1;0;0
70;3;3;0;3;0;0;1;0;0;24;0;1;1;0;0;0
70;9;3;6;3;6;1;0;0;0;24;0;1;1;0;0;0
70;10;5;5;5;5;1;0;0;0;24;0;2;0;1;0;0
70;6;5;1;7;-1;0;1;0;0;24;0;3;0;1;0;0
70;10;3;7;3;7;1;0;0;0;24;0;1;1;1;0;0
70;2;5;-3;5;-3;0;1;0;0;24;0;2;0;1;0;0
70;1;5;-4;7;-6;0;1;0;0;24;0;3;1;0;0;0
70;9;5;4;7;2;1;0;0;0;24;0;3;1;0;0;0
70;8;3;5;3;5;1;0;0;0;24;0;1;0;0;0;0
70;1;3;-2;3;-2;0;1;0;0;24;0;1;1;1;0;0
70;10;5;5;5;5;1;0;0;0;24;0;2;1;1;0;0
70;0;5;-5;5;-5;0;1;0;0;24;0;2;0;0;0;0
70;10;3;7;3;7;1;0;0;0;24;0;1;0;1;0;0
70;8;5;3;5;3;1;0;0;0;24;0;2;0;0;0;0
70;1;5;-4;7;-6;0;1;0;0;24;0;3;0;0;0;0
70;0;5;-5;7;-7;0;1;0;0;24;0;3;1;1;0;0
70;0;3;-3;3;-3;0;1;0;0;24;0;1;0;1;0;0
70;0;5;-5;5;-5;0;1;0;0;24;0;2;1;0;0;0
70;10;5;5;7;3;1;0;0;0;24;0;3;0;1;0;0
70;10;5;5;7;3;1;0;0;0;24;0;3;0;0;0;0
70;1;3;-2;3;-2;0;1;0;0;24;0;1;0;0;0;0
70;0;5;-5;5;-5;0;1;0;0;24;0;2;1;1;0;0
70;8;5;3;5;3;1;0;0;0;24;0;2;1;0;0;0
70;10;5;5;7;3;1;0;0;0;24;0;3;1;1;0;0
71;1;3;-2;3;-2;0;1;0;0;23;1;1;1;0;0;1
71;8;3;5;3;5;1;0;0;0;23;1;1;1;0;0;1
71;10;5;5;5;5;1;0;0;0;23;1;2;0;1;0;1
71;5;5;0;7;-2;0;1;0;0;23;1;3;0;1;0;1
71;10;3;7;3;7;1;0;0;0;23;1;1;1;1;0;1
71;3;5;-2;5;-2;0;1;0;0;23;1;2;0;1;0;1
71;7;5;2;7;0;0;1;0;0;23;1;3;1;0;0;1
71;7;5;2;7;0;1;0;0;0;23;1;3;1;0;0;1
71;2;3;-1;3;-1;0;1;0;0;23;1;1;1;1;0;1
71;8;3;5;3;5;1;0;0;0;23;1;1;0;0;0;1
71;2;5;-3;5;-3;0;1;0;0;23;1;2;0;0;0;1
71;10;5;5;5;5;1;0;0;0;23;1;2;1;1;0;1
71;10;3;7;3;7;1;0;0;0;23;1;1;0;1;0;1
71;10;5;5;5;5;1;0;0;0;23;1;2;0;0;0;1
71;7;5;2;7;0;0;1;0;0;23;1;3;1;1;0;1
71;4;5;-1;7;-3;0;1;0;0;23;1;3;0;0;0;1
71;1;3;-2;3;-2;0;1;0;0;23;1;1;0;1;0;1
71;1;5;-4;5;-4;0;1;0;0;23;1;2;1;0;0;1
71;9;5;4;7;2;1;0;0;0;23;1;3;0;0;0;1
71;10;5;5;7;3;1;0;0;0;23;1;3;0;1;0;1
71;1;3;-2;3;-2;0;1;0;0;23;1;1;0;0;0;1
71;4;5;-1;5;-1;0;1;0;0;23;1;2;1;1;0;1
71;5;5;0;5;0;1;0;0;0;23;1;2;1;0;0;1
71;10;5;5;7;3;1;0;0;0;23;1;3;1;1;0;1
72;8;3;5;3;5;1;0;1;0;22;1;1;1;0;0;0
72;1;3;-2;3;-2;0;1;1;0;22;1;1;1;0;0;0
72;10;5;5;5;5;1;0;1;0;22;1;2;0;1;1;0
72;6;5;1;7;-1;0;1;1;0;22;1;3;0;1;1;0
72;10;3;7;3;7;1;0;1;0;22;1;1;1;1;1;0
72;4;5;-1;5;-1;0;1;1;0;22;1;2;0;1;1;0
72;6;5;1;7;-1;0;1;1;0;22;1;3;1;0;0;0
72;6;5;1;7;-1;1;0;1;0;22;1;3;1;0;0;0
72;2;3;-1;3;-1;0;1;1;0;22;1;1;1;1;1;0
72;6;3;3;3;3;1;0;1;0;22;1;1;0;0;0;0
72;10;5;5;5;5;1;0;1;0;22;1;2;1;1;1;0
72;3;5;-2;5;-2;0;1;1;0;22;1;2;0;0;0;0
72;10;3;7;3;7;1;0;1;0;22;1;1;0;1;1;0
72;5;5;0;5;0;1;0;1;0;22;1;2;0;0;0;0
72;5;5;0;7;-2;0;1;1;0;22;1;3;0;0;0;0
72;7;5;2;7;0;0;1;1;0;22;1;3;1;1;1;0
72;4;3;1;3;1;0;1;1;0;22;1;1;0;1;1;0
72;2;5;-3;5;-3;0;1;1;0;22;1;2;1;0;0;0
72;6;5;1;7;-1;1;0;1;0;22;1;3;0;0;0;0
72;10;5;5;7;3;1;0;1;0;22;1;3;0;1;1;0
72;1;3;-2;3;-2;0;1;1;0;22;1;1;0;0;0;0
72;5;5;0;5;0;0;1;1;0;22;1;2;1;1;1;0
72;6;5;1;5;1;1;0;1;0;22;1;2;1;0;0;0
72;10;5;5;7;3;1;0;1;0;22;1;3;1;1;1;0
73;5;3;2;3;2;0;1;0;0;20;1;1;1;0;0;0
73;5;3;2;3;2;1;0;0;0;20;1;1;1;0;0;0
73;8;5;3;5;3;1;0;0;0;20;1;2;0;1;0;0
73;6;5;1;7;-1;0;1;0;0;20;1;3;0;1;0;0
73;6;3;3;3;3;1;0;0;0;20;1;1;1;1;0;0
73;6;5;1;5;1;0;1;0;0;20;1;2;0;1;0;0
73;8;5;3;7;1;1;0;0;0;20;1;3;1;0;0;0
73;5;5;0;7;-2;0;1;0;0;20;1;3;1;0;0;0
73;4;3;1;3;1;1;0;0;0;20;1;1;0;0;0;0
73;5;3;2;3;2;0;1;0;0;20;1;1;1;1;0;0
73;4;5;-1;5;-1;0;1;0;0;20;1;2;0;0;0;0
73;8;5;3;5;3;1;0;0;0;20;1;2;1;1;0;0
73;9;3;6;3;6;1;0;0;0;20;1;1;0;1;0;0
73;7;5;2;5;2;1;0;0;0;20;1;2;0;0;0;0
73;6;5;1;7;-1;0;1;0;0;20;1;3;0;0;0;0
73;6;5;1;7;-1;0;1;0;0;20;1;3;1;1;0;0
73;4;3;1;3;1;0;1;0;0;20;1;1;0;1;0;0
73;4;5;-1;5;-1;0;1;0;0;20;1;2;1;0;0;0
73;9;5;4;7;2;1;0;0;0;20;1;3;0;1;0;0
73;9;5;4;7;2;1;0;0;0;20;1;3;0;0;0;0
73;1;3;-2;3;-2;0;1;0;0;20;1;1;0;0;0;0
73;7;5;2;5;2;1;0;0;0;20;1;2;1;0;0;0
73;5;5;0;5;0;0;1;0;0;20;1;2;1;1;0;0
73;9;5;4;7;2;1;0;0;0;20;1;3;1;1;0;0
74;4;3;1;3;1;1;0;0;0;18;0;1;1;0;0;0
74;5;3;2;3;2;0;1;0;0;18;0;1;1;0;0;0
74;8;5;3;5;3;1;0;0;0;18;0;2;0;1;0;0
74;8;5;3;7;1;0;1;0;0;18;0;3;0;1;0;0
74;2;3;-1;3;-1;1;0;0;0;18;0;1;1;1;0;0
74;4;5;-1;5;-1;0;1;0;0;18;0;2;0;1;0;0
74;8;5;3;7;1;1;0;0;0;18;0;3;1;0;0;0
74;6;5;1;7;-1;0;1;0;0;18;0;3;1;0;0;0
74;4;3;1;3;1;1;0;0;0;18;0;1;0;0;0;0
74;1;3;-2;3;-2;0;1;0;0;18;0;1;1;1;0;0
74;8;5;3;5;3;1;0;0;0;18;0;2;1;1;0;0
74;3;5;-2;5;-2;0;1;0;0;18;0;2;0;0;0;0
74;8;3;5;3;5;1;0;0;0;18;0;1;0;1;0;0
74;6;5;1;5;1;1;0;0;0;18;0;2;0;0;0;0
74;6;5;1;7;-1;0;1;0;0;18;0;3;0;0;0;0
74;4;5;-1;7;-3;0;1;0;0;18;0;3;1;1;0;0
74;2;3;-1;3;-1;0;1;0;0;18;0;1;0;1;0;0
74;3;5;-2;5;-2;0;1;0;0;18;0;2;1;0;0;0
74;8;5;3;7;1;1;0;0;0;18;0;3;0;0;0;0
74;8;5;3;7;1;1;0;0;0;18;0;3;0;1;0;0
74;2;3;-1;3;-1;0;1;0;0;18;0;1;0;0;0;0
74;6;5;1;5;1;1;0;0;0;18;0;2;1;0;0;0
74;8;5;3;5;3;0;1;0;0;18;0;2;1;1;0;0
74;8;5;3;7;1;1;0;0;0;18;0;3;1;1;0;0
75;0;3;-3;3;-3;0;1;0;0;19;0;1;1;0;0;0
75;0;3;-3;3;-3;1;0;0;0;19;0;1;1;0;0;0
75;10;5;5;5;5;1;0;0;0;19;0;2;0;1;0;0
75;0;5;-5;7;-7;0;1;0;0;19;0;3;0;1;0;0
75;10;3;7;3;7;1;0;0;0;19;0;1;1;1;0;0
75;0;5;-5;5;-5;0;1;0;0;19;0;2;0;1;0;0
75;1;5;-4;7;-6;1;0;0;0;19;0;3;1;0;0;0
75;0;5;-5;7;-7;0;1;0;0;19;0;3;1;0;0;0
75;10;3;7;3;7;1;0;0;0;19;0;1;0;0;0;0
75;0;3;-3;3;-3;0;1;0;0;19;0;1;1;1;0;0
75;1;5;-4;5;-4;0;1;0;0;19;0;2;0;0;0;0
75;10;5;5;5;5;1;0;0;0;19;0;2;1;1;0;0
75;10;3;7;3;7;1;0;0;0;19;0;1;0;1;0;0
75;10;5;5;5;5;1;0;0;0;19;0;2;0;0;0;0
75;1;5;-4;7;-6;0;1;0;0;19;0;3;0;0;0;0
75;5;5;0;7;-2;0;1;0;0;19;0;3;1;1;0;0
75;1;3;-2;3;-2;0;1;0;0;19;0;1;0;1;0;0
75;0;5;-5;5;-5;0;1;0;0;19;0;2;1;0;0;0
75;10;5;5;7;3;1;0;0;0;19;0;3;0;1;0;0
75;10;5;5;7;3;1;0;0;0;19;0;3;0;0;0;0
75;0;3;-3;3;-3;0;1;0;0;19;0;1;0;0;0;0
75;10;5;5;5;5;1;0;0;0;19;0;2;1;0;0;0
75;3;5;-2;5;-2;0;1;0;0;19;0;2;1;1;0;0
75;10;5;5;7;3;1;0;0;0;19;0;3;1;1;0;0
76;3;3;0;3;0;1;0;0;1;30;1;1;1;0;0;1
76;2;3;-1;3;-1;0;1;0;1;30;1;1;1;0;0;1
76;5;5;0;5;0;1;0;0;1;30;1;2;0;1;0;1
76;7;5;2;7;0;0;1;0;1;30;1;3;0;1;0;1
76;3;3;0;3;0;1;0;0;1;30;1;1;1;1;0;1
76;5;5;0;5;0;0;1;0;1;30;1;2;0;1;0;1
76;7;5;2;7;0;0;1;0;1;30;1;3;1;0;0;1
76;7;5;2;7;0;1;0;0;1;30;1;3;1;0;0;1
76;3;3;0;3;0;0;1;0;1;30;1;1;1;1;0;1
76;3;3;0;3;0;1;0;0;1;30;1;1;0;0;0;1
76;5;5;0;5;0;0;1;0;1;30;1;2;0;0;0;1
76;5;5;0;5;0;1;0;0;1;30;1;2;1;1;0;1
76;3;3;0;3;0;1;0;0;1;30;1;1;0;1;0;1
76;5;5;0;5;0;1;0;0;1;30;1;2;0;0;0;1
76;7;5;2;7;0;0;1;0;1;30;1;3;1;1;0;1
76;7;5;2;7;0;0;1;0;1;30;1;3;0;0;0;1
76;3;3;0;3;0;0;1;0;1;30;1;1;0;1;0;1
76;5;5;0;5;0;0;1;0;1;30;1;2;1;0;0;1
76;7;5;2;7;0;1;0;0;1;30;1;3;0;1;0;1
76;7;5;2;7;0;1;0;0;1;30;1;3;0;0;0;1
76;3;3;0;3;0;0;1;0;1;30;1;1;0;0;0;1
76;5;5;0;5;0;1;0;0;1;30;1;2;1;0;0;1
76;5;5;0;5;0;0;1;0;1;30;1;2;1;1;0;1
76;7;5;2;7;0;1;0;0;1;30;1;3;1;1;0;1
77;3;3;0;3;0;0;1;0;1;30;1;1;1;0;0;0
77;3;3;0;3;0;1;0;0;1;30;1;1;1;0;0;0
77;5;5;0;5;0;1;0;0;1;30;1;2;0;1;0;0
77;7;5;2;7;0;0;1;0;1;30;1;3;0;1;0;0
77;3;3;0;3;0;1;0;0;1;30;1;1;1;1;0;0
77;5;5;0;5;0;0;1;0;1;30;1;2;0;1;0;0
77;7;5;2;7;0;0;1;0;1;30;1;3;1;0;0;0
77;7;5;2;7;0;1;0;0;1;30;1;3;1;0;0;0
77;3;3;0;3;0;0;1;0;1;30;1;1;1;1;0;0
77;3;3;0;3;0;1;0;0;1;30;1;1;0;0;0;0
77;5;5;0;5;0;1;0;0;1;30;1;2;1;1;0;0
77;5;5;0;5;0;0;1;0;1;30;1;2;0;0;0;0
77;3;3;0;3;0;1;0;0;1;30;1;1;0;1;0;0
77;5;5;0;5;0;1;0;0;1;30;1;2;0;0;0;0
77;7;5;2;7;0;0;1;0;1;30;1;3;1;1;0;0
77;7;5;2;7;0;0;1;0;1;30;1;3;0;0;0;0
77;3;3;0;3;0;0;1;0;1;30;1;1;0;1;0;0
77;5;5;0;5;0;0;1;0;1;30;1;2;1;0;0;0
77;7;5;2;7;0;1;0;0;1;30;1;3;0;1;0;0
77;7;5;2;7;0;1;0;0;1;30;1;3;0;0;0;0
77;3;3;0;3;0;0;1;0;1;30;1;1;0;0;0;0
77;5;5;0;5;0;1;0;0;1;30;1;2;1;0;0;0
77;5;5;0;5;0;0;1;0;1;30;1;2;1;1;0;0
77;7;5;2;7;0;1;0;0;1;30;1;3;1;1;0;0
78;1;3;-2;3;-2;0;1;1;0;22;1;1;1;0;0;0
78;1;3;-2;3;-2;1;0;1;0;22;1;1;1;0;0;0
78;4;5;-1;5;-1;1;0;1;0;22;1;2;0;1;1;0
78;6;5;1;7;-1;0;1;1;0;22;1;3;0;1;1;0
78;2;3;-1;3;-1;1;0;1;0;22;1;1;1;1;1;0
78;6;5;1;5;1;0;1;1;0;22;1;2;0;1;1;0
78;5;5;0;7;-2;1;0;1;0;22;1;3;1;0;0;0
78;6;5;1;7;-1;0;1;1;0;22;1;3;1;0;0;0
78;1;3;-2;3;-2;1;0;1;0;22;1;1;0;0;0;0
78;5;3;2;3;2;0;1;1;0;22;1;1;1;1;1;0
78;4;5;-1;5;-1;0;1;1;0;22;1;2;0;0;0;0
78;5;5;0;5;0;1;0;1;0;22;1;2;1;1;1;0
78;2;3;-1;3;-1;1;0;1;0;22;1;1;0;1;1;0
78;3;5;-2;5;-2;1;0;1;0;22;1;2;0;0;0;0
78;6;5;1;7;-1;0;1;1;0;22;1;3;1;1;1;0
78;5;5;0;7;-2;0;1;1;0;22;1;3;0;0;0;0
78;3;3;0;3;0;0;1;1;0;22;1;1;0;1;1;0
78;2;5;-3;5;-3;0;1;1;0;22;1;2;1;0;0;0
78;6;5;1;7;-1;1;0;1;0;22;1;3;0;1;1;0
78;5;5;0;7;-2;1;0;1;0;22;1;3;0;0;0;0
78;1;3;-2;3;-2;0;1;1;0;22;1;1;0;0;0;0
78;3;5;-2;5;-2;1;0;1;0;22;1;2;1;0;0;0
78;5;5;0;5;0;0;1;1;0;22;1;2;1;1;1;0
78;6;5;1;7;-1;1;0;1;0;22;1;3;1;1;1;0
79;2;3;-1;3;-1;0;1;0;1;29;1;1;1;0;0;1
79;5;3;2;3;2;1;0;0;1;29;1;1;1;0;0;1
79;7;5;2;5;2;1;0;0;1;29;1;2;0;1;0;1
79;7;5;2;7;0;0;1;0;1;29;1;3;0;1;0;1
79;5;3;2;3;2;1;0;0;1;29;1;1;1;1;0;1
79;5;5;0;5;0;0;1;0;1;29;1;2;0;1;0;1
79;7;5;2;7;0;1;0;0;1;29;1;3;1;0;0;1
79;6;5;1;7;-1;0;1;0;1;29;1;3;1;0;0;1
79;4;3;1;3;1;1;0;0;1;29;1;1;0;0;0;1
79;5;3;2;3;2;0;1;0;1;29;1;1;1;1;0;1
79;7;5;2;5;2;1;0;0;1;29;1;2;1;1;0;1
79;4;5;-1;5;-1;0;1;0;1;29;1;2;0;0;0;1
79;4;3;1;3;1;1;0;0;1;29;1;1;0;1;0;1
79;5;5;0;5;0;1;0;0;1;29;1;2;0;0;0;1
79;7;5;2;7;0;0;1;0;1;29;1;3;0;0;0;1
79;7;5;2;7;0;0;1;0;1;29;1;3;1;1;0;1
79;4;3;1;3;1;0;1;0;1;29;1;1;0;1;0;1
79;4;5;-1;5;-1;0;1;0;1;29;1;2;1;0;0;1
79;7;5;2;7;0;1;0;0;1;29;1;3;0;0;0;1
79;7;5;2;7;0;1;0;0;1;29;1;3;0;1;0;1
79;1;3;-2;3;-2;0;1;0;1;29;1;1;0;0;0;1
79;5;5;0;5;0;1;0;0;1;29;1;2;1;0;0;1
79;6;5;1;5;1;0;1;0;1;29;1;2;1;1;0;1
79;7;5;2;7;0;1;0;0;1;29;1;3;1;1;0;1
80;1;3;-2;3;-2;0;1;1;0;25;1;1;1;0;0;1
80;1;3;-2;3;-2;1;0;1;0;25;1;1;1;0;0;1
80;5;5;0;5;0;1;0;1;0;25;1;2;0;1;1;1
80;7;5;2;7;0;0;1;1;0;25;1;3;0;1;1;1
80;2;3;-1;3;-1;1;0;1;0;25;1;1;1;1;1;1
80;6;5;1;5;1;0;1;1;0;25;1;2;0;1;1;1
80;8;5;3;7;1;0;1;1;0;25;1;3;1;0;0;1
80;6;5;1;7;-1;1;0;1;0;25;1;3;1;0;0;1
80;4;3;1;3;1;0;1;1;0;25;1;1;1;1;1;1
80;4;3;1;3;1;1;0;1;0;25;1;1;0;0;0;1
80;4;5;-1;5;-1;1;0;1;0;25;1;2;1;1;1;1
80;2;5;-3;5;-3;0;1;1;0;25;1;2;0;0;0;1
80;5;3;2;3;2;1;0;1;0;25;1;1;0;1;1;1
80;7;5;2;5;2;1;0;1;0;25;1;2;0;0;0;1
80;5;5;0;7;-2;0;1;1;0;25;1;3;1;1;1;1
80;2;5;-3;7;-5;0;1;1;0;25;1;3;0;0;0;1
80;3;3;0;3;0;0;1;1;0;25;1;1;0;1;1;1
80;9;5;4;5;4;0;1;1;0;25;1;2;1;0;0;1
80;8;5;3;7;1;1;0;1;0;25;1;3;0;1;1;1
80;8;5;3;7;1;1;0;1;0;25;1;3;0;0;0;1
80;7;3;4;3;4;0;1;1;0;25;1;1;0;0;0;1
80;4;5;-1;5;-1;1;0;1;0;25;1;2;1;0;0;1
80;2;5;-3;5;-3;0;1;1;0;25;1;2;1;1;1;1
80;4;5;-1;7;-3;1;0;1;0;25;1;3;1;1;1;1
81;1;3;-2;3;-2;1;0;0;0;26;0;1;1;0;0;1
81;2;3;-1;3;-1;0;1;0;0;26;0;1;1;0;0;1
81;7;5;2;5;2;1;0;0;0;26;0;2;0;1;0;1
81;8;5;3;7;1;0;1;0;0;26;0;3;0;1;0;1
81;2;3;-1;3;-1;1;0;0;0;26;0;1;1;1;0;1
81;5;5;0;5;0;0;1;0;0;26;0;2;0;1;0;1
81;7;5;2;7;0;1;0;0;0;26;0;3;1;0;0;1
81;8;5;3;7;1;0;1;0;0;26;0;3;1;0;0;1
81;2;3;-1;3;-1;0;1;0;0;26;0;1;1;1;0;1
81;2;3;-1;3;-1;1;0;0;0;26;0;1;0;0;0;1
81;3;5;-2;5;-2;0;1;0;0;26;0;2;0;0;0;1
81;5;5;0;5;0;1;0;0;0;26;0;2;1;1;0;1
81;3;3;0;3;0;1;0;0;0;26;0;1;0;1;0;1
81;6;5;1;5;1;1;0;0;0;26;0;2;0;0;0;1
81;9;5;4;7;2;0;1;0;0;26;0;3;1;1;0;1
81;7;5;2;7;0;0;1;0;0;26;0;3;0;0;0;1
81;3;3;0;3;0;0;1;0;0;26;0;1;0;1;0;1
81;3;5;-2;5;-2;0;1;0;0;26;0;2;1;0;0;1
81;8;5;3;7;1;1;0;0;0;26;0;3;0;0;0;1
81;9;5;4;7;2;1;0;0;0;26;0;3;0;1;0;1
81;2;3;-1;3;-1;0;1;0;0;26;0;1;0;0;0;1
81;5;5;0;5;0;1;0;0;0;26;0;2;1;0;0;1
81;6;5;1;5;1;0;1;0;0;26;0;2;1;1;0;1
81;9;5;4;7;2;1;0;0;0;26;0;3;1;1;0;1
82;2;3;-1;3;-1;0;1;0;0;26;0;1;1;0;0;0
82;6;3;3;3;3;1;0;0;0;26;0;1;1;0;0;0
82;8;5;3;5;3;1;0;0;0;26;0;2;0;1;0;0
82;7;5;2;7;0;0;1;0;0;26;0;3;0;1;0;0
82;7;3;4;3;4;1;0;0;0;26;0;1;1;1;0;0
82;4;5;-1;5;-1;0;1;0;0;26;0;2;0;1;0;0
82;8;5;3;7;1;1;0;0;0;26;0;3;1;0;0;0
82;2;5;-3;7;-5;0;1;0;0;26;0;3;1;0;0;0
82;2;3;-1;3;-1;0;1;0;0;26;0;1;1;1;0;0
82;5;3;2;3;2;1;0;0;0;26;0;1;0;0;0;0
82;4;5;-1;5;-1;0;1;0;0;26;0;2;0;0;0;0
82;8;5;3;5;3;1;0;0;0;26;0;2;1;1;0;0
82;7;3;4;3;4;1;0;0;0;26;0;1;0;1;0;0
82;7;5;2;5;2;1;0;0;0;26;0;2;0;0;0;0
82;5;5;0;7;-2;0;1;0;0;26;0;3;1;1;0;0
82;5;5;0;7;-2;0;1;0;0;26;0;3;0;0;0;0
82;2;3;-1;3;-1;0;1;0;0;26;0;1;0;1;0;0
82;3;5;-2;5;-2;0;1;0;0;26;0;2;1;0;0;0
82;8;5;3;7;1;1;0;0;0;26;0;3;0;0;0;0
82;8;5;3;7;1;1;0;0;0;26;0;3;0;1;0;0
82;1;3;-2;3;-2;0;1;0;0;26;0;1;0;0;0;0
82;7;5;2;5;2;1;0;0;0;26;0;2;1;0;0;0
82;4;5;-1;5;-1;0;1;0;0;26;0;2;1;1;0;0
82;9;5;4;7;2;1;0;0;0;26;0;3;1;1;0;0
83;1;3;-2;3;-2;1;0;0;1;29;1;1;1;0;0;1
83;1;3;-2;3;-2;0;1;0;1;29;1;1;1;0;0;1
83;9;5;4;5;4;1;0;0;1;29;1;2;0;1;0;1
83;9;5;4;7;2;0;1;0;1;29;1;3;0;1;0;1
83;8;3;5;3;5;1;0;0;1;29;1;1;1;1;0;1
83;7;5;2;5;2;0;1;0;1;29;1;2;0;1;0;1
83;5;5;0;7;-2;0;1;0;1;29;1;3;1;0;0;1
83;8;5;3;7;1;1;0;0;1;29;1;3;1;0;0;1
83;1;3;-2;3;-2;0;1;0;1;29;1;1;1;1;0;1
83;6;3;3;3;3;1;0;0;1;29;1;1;0;0;0;1
83;3;5;-2;5;-2;0;1;0;1;29;1;2;0;0;0;1
83;9;5;4;5;4;1;0;0;1;29;1;2;1;1;0;1
83;7;3;4;3;4;1;0;0;1;29;1;1;0;1;0;1
83;7;5;2;5;2;1;0;0;1;29;1;2;0;0;0;1
83;4;5;-1;7;-3;0;1;0;1;29;1;3;0;0;0;1
83;8;5;3;7;1;0;1;0;1;29;1;3;1;1;0;1
83;3;3;0;3;0;0;1;0;1;29;1;1;0;1;0;1
83;2;5;-3;5;-3;0;1;0;1;29;1;2;1;0;0;1
83;9;5;4;7;2;1;0;0;1;29;1;3;0;1;0;1
83;9;5;4;7;2;1;0;0;1;29;1;3;0;0;0;1
83;1;3;-2;3;-2;0;1;0;1;29;1;1;0;0;0;1
83;6;5;1;5;1;0;1;0;1;29;1;2;1;1;0;1
83;7;5;2;5;2;1;0;0;1;29;1;2;1;0;0;1
83;9;5;4;7;2;1;0;0;1;29;1;3;1;1;0;1
84;1;3;-2;3;-2;0;1;0;1;29;1;1;1;0;0;0
84;6;3;3;3;3;1;0;0;1;29;1;1;1;0;0;0
84;9;5;4;5;4;1;0;0;1;29;1;2;0;1;0;0
84;7;5;2;7;0;0;1;0;1;29;1;3;0;1;0;0
84;7;3;4;3;4;1;0;0;1;29;1;1;1;1;0;0
84;5;5;0;5;0;0;1;0;1;29;1;2;0;1;0;0
84;9;5;4;7;2;1;0;0;1;29;1;3;1;0;0;0
84;4;5;-1;7;-3;0;1;0;1;29;1;3;1;0;0;0
84;7;3;4;3;4;1;0;0;1;29;1;1;0;0;0;0
84;2;3;-1;3;-1;0;1;0;1;29;1;1;1;1;0;0
84;8;5;3;5;3;1;0;0;1;29;1;2;1;1;0;0
84;3;5;-2;5;-2;0;1;0;1;29;1;2;0;0;0;0
84;7;3;4;3;4;1;0;0;1;29;1;1;0;1;0;0
84;7;5;2;5;2;1;0;0;1;29;1;2;0;0;0;0
84;5;5;0;7;-2;0;1;0;1;29;1;3;1;1;0;0
84;4;5;-1;7;-3;0;1;0;1;29;1;3;0;0;0;0
84;2;3;-1;3;-1;0;1;0;1;29;1;1;0;1;0;0
84;3;5;-2;5;-2;0;1;0;1;29;1;2;1;0;0;0
84;10;5;5;7;3;1;0;0;1;29;1;3;0;0;0;0
84;10;5;5;7;3;1;0;0;1;29;1;3;0;1;0;0
84;1;3;-2;3;-2;0;1;0;1;29;1;1;0;0;0;0
84;8;5;3;5;3;1;0;0;1;29;1;2;1;0;0;0
84;4;5;-1;5;-1;0;1;0;1;29;1;2;1;1;0;0
84;10;5;5;7;3;1;0;0;1;29;1;3;1;1;0;0
85;3;3;0;3;0;0;1;0;0;22;1;1;1;0;0;0
85;2;3;-1;3;-1;1;0;0;0;22;1;1;1;0;0;0
85;5;5;0;5;0;1;0;0;0;22;1;2;0;1;0;0
85;6;5;1;7;-1;0;1;0;0;22;1;3;0;1;0;0
85;7;3;4;3;4;1;0;0;0;22;1;1;1;1;0;0
85;6;5;1;5;1;0;1;0;0;22;1;2;0;1;0;0
85;6;5;1;7;-1;0;1;0;0;22;1;3;1;0;0;0
85;2;5;-3;7;-5;1;0;0;0;22;1;3;1;0;0;0
85;4;3;1;3;1;1;0;0;0;22;1;1;0;0;0;0
85;3;3;0;3;0;0;1;0;0;22;1;1;1;1;0;0
85;8;5;3;5;3;1;0;0;0;22;1;2;1;1;0;0
85;4;5;-1;5;-1;0;1;0;0;22;1;2;0;0;0;0
85;6;3;3;3;3;1;0;0;0;22;1;1;0;1;0;0
85;4;5;-1;5;-1;1;0;0;0;22;1;2;0;0;0;0
85;8;5;3;7;1;0;1;0;0;22;1;3;1;1;0;0
85;6;5;1;7;-1;0;1;0;0;22;1;3;0;0;0;0
85;3;3;0;3;0;0;1;0;0;22;1;1;0;1;0;0
85;1;5;-4;5;-4;0;1;0;0;22;1;2;1;0;0;0
85;8;5;3;7;1;1;0;0;0;22;1;3;0;1;0;0
85;7;5;2;7;0;1;0;0;0;22;1;3;0;0;0;0
85;1;3;-2;3;-2;0;1;0;0;22;1;1;0;0;0;0
85;5;5;0;5;0;1;0;0;0;22;1;2;1;0;0;0
85;6;5;1;5;1;0;1;0;0;22;1;2;1;1;0;0
85;8;5;3;7;1;1;0;0;0;22;1;3;1;1;0;0
86;4;3;1;3;1;1;0;0;0;21;1;1;1;0;0;1
86;5;3;2;3;2;0;1;0;0;21;1;1;1;0;0;1
86;8;5;3;5;3;1;0;0;0;21;1;2;0;1;0;1
86;7;5;2;7;0;0;1;0;0;21;1;3;0;1;0;1
86;6;3;3;3;3;1;0;0;0;21;1;1;1;1;0;1
86;9;5;4;5;4;0;1;0;0;21;1;2;0;1;0;1
86;6;5;1;7;-1;1;0;0;0;21;1;3;1;0;0;1
86;5;5;0;7;-2;0;1;0;0;21;1;3;1;0;0;1
86;4;3;1;3;1;0;1;0;0;21;1;1;1;1;0;1
86;6;3;3;3;3;1;0;0;0;21;1;1;0;0;0;1
86;3;5;-2;5;-2;0;1;0;0;21;1;2;0;0;0;1
86;8;5;3;5;3;1;0;0;0;21;1;2;1;1;0;1
86;7;3;4;3;4;1;0;0;0;21;1;1;0;1;0;1
86;7;5;2;5;2;1;0;0;0;21;1;2;0;0;0;1
86;7;5;2;7;0;0;1;0;0;21;1;3;1;1;0;1
86;6;5;1;7;-1;0;1;0;0;21;1;3;0;0;0;1
86;3;3;0;3;0;0;1;0;0;21;1;1;0;1;0;1
86;2;5;-3;5;-3;0;1;0;0;21;1;2;1;0;0;1
86;7;5;2;7;0;1;0;0;0;21;1;3;0;0;0;1
86;8;5;3;7;1;1;0;0;0;21;1;3;0;1;0;1
86;1;3;-2;3;-2;0;1;0;0;21;1;1;0;0;0;1
86;6;5;1;5;1;0;1;0;0;21;1;2;1;1;0;1
86;7;5;2;5;2;1;0;0;0;21;1;2;1;0;0;1
86;9;5;4;7;2;1;0;0;0;21;1;3;1;1;0;1
87;4;3;1;3;1;1;0;0;0;22;1;1;1;0;0;1
87;1;3;-2;3;-2;0;1;0;0;22;1;1;1;0;0;1
87;8;5;3;5;3;1;0;0;0;22;1;2;0;1;0;1
87;7;5;2;7;0;0;1;0;0;22;1;3;0;1;0;1
87;7;3;4;3;4;1;0;0;0;22;1;1;1;1;0;1
87;5;5;0;5;0;0;1;0;0;22;1;2;0;1;0;1
87;5;5;0;7;-2;0;1;0;0;22;1;3;1;0;0;1
87;8;5;3;7;1;1;0;0;0;22;1;3;1;0;0;1
87;4;3;1;3;1;0;1;0;0;22;1;1;1;1;0;1
87;4;3;1;3;1;1;0;0;0;22;1;1;0;0;0;1
87;8;5;3;5;3;1;0;0;0;22;1;2;1;1;0;1
87;3;5;-2;5;-2;0;1;0;0;22;1;2;0;0;0;1
87;7;3;4;3;4;1;0;0;0;22;1;1;0;1;0;1
87;6;5;1;5;1;1;0;0;0;22;1;2;0;0;0;1
87;7;5;2;7;0;0;1;0;0;22;1;3;1;1;0;1
87;5;5;0;7;-2;0;1;0;0;22;1;3;0;0;0;1
87;3;3;0;3;0;0;1;0;0;22;1;1;0;1;0;1
87;3;5;-2;5;-2;0;1;0;0;22;1;2;1;0;0;1
87;8;5;3;7;1;1;0;0;0;22;1;3;0;0;0;1
87;8;5;3;7;1;1;0;0;0;22;1;3;0;1;0;1
87;1;3;-2;3;-2;0;1;0;0;22;1;1;0;0;0;1
87;6;5;1;5;1;1;0;0;0;22;1;2;1;0;0;1
87;6;5;1;5;1;0;1;0;0;22;1;2;1;1;0;1
87;9;5;4;7;2;1;0;0;0;22;1;3;1;1;0;1
88;3;3;0;3;0;0;1;0;0;27;1;1;1;0;0;1
88;5;3;2;3;2;1;0;0;0;27;1;1;1;0;0;1
88;10;5;5;5;5;1;0;0;0;27;1;2;0;1;0;1
88;7;5;2;7;0;0;1;0;0;27;1;3;0;1;0;1
88;8;3;5;3;5;1;0;0;0;27;1;1;1;1;0;1
88;6;5;1;5;1;0;1;0;0;27;1;2;0;1;0;1
88;6;5;1;7;-1;0;1;0;0;27;1;3;1;0;0;1
88;8;5;3;7;1;1;0;0;0;27;1;3;1;0;0;1
88;3;3;0;3;0;0;1;0;0;27;1;1;1;1;0;1
88;5;3;2;3;2;1;0;0;0;27;1;1;0;0;0;1
88;10;5;5;5;5;1;0;0;0;27;1;2;1;1;0;1
88;3;5;-2;5;-2;0;1;0;0;27;1;2;0;0;0;1
88;8;3;5;3;5;1;0;0;0;27;1;1;0;1;0;1
88;8;5;3;5;3;1;0;0;0;27;1;2;0;0;0;1
88;7;5;2;7;0;0;1;0;0;27;1;3;1;1;0;1
88;6;5;1;7;-1;0;1;0;0;27;1;3;0;0;0;1
88;3;3;0;3;0;0;1;0;0;27;1;1;0;1;0;1
88;3;5;-2;5;-2;0;1;0;0;27;1;2;1;0;0;1
88;9;5;4;7;2;1;0;0;0;27;1;3;0;0;0;1
88;10;5;5;7;3;1;0;0;0;27;1;3;0;1;0;1
88;1;3;-2;3;-2;0;1;0;0;27;1;1;0;0;0;1
88;6;5;1;5;1;1;0;0;0;27;1;2;1;0;0;1
88;4;5;-1;5;-1;0;1;0;0;27;1;2;1;1;0;1
88;10;5;5;7;3;1;0;0;0;27;1;3;1;1;0;1
89;2;3;-1;3;-1;0;1;0;0;30;0;1;1;0;0;1
89;5;3;2;3;2;1;0;0;0;30;0;1;1;0;0;1
89;8;5;3;5;3;1;0;0;0;30;0;2;0;1;0;1
89;7;5;2;7;0;0;1;0;0;30;0;3;0;1;0;1
89;7;3;4;3;4;1;0;0;0;30;0;1;1;1;0;1
89;6;5;1;5;1;0;1;0;0;30;0;2;0;1;0;1
89;8;5;3;7;1;1;0;0;0;30;0;3;1;0;0;1
89;6;5;1;7;-1;0;1;0;0;30;0;3;1;0;0;1
89;4;3;1;3;1;0;1;0;0;30;0;1;1;1;0;1
89;5;3;2;3;2;1;0;0;0;30;0;1;0;0;0;1
89;8;5;3;5;3;1;0;0;0;30;0;2;1;1;0;1
89;4;5;-1;5;-1;0;1;0;0;30;0;2;0;0;0;1
89;7;3;4;3;4;1;0;0;0;30;0;1;0;1;0;1
89;7;5;2;5;2;1;0;0;0;30;0;2;0;0;0;1
89;7;5;2;7;0;0;1;0;0;30;0;3;1;1;0;1
89;6;5;1;7;-1;0;1;0;0;30;0;3;0;0;0;1
89;4;3;1;3;1;0;1;0;0;30;0;1;0;1;0;1
89;4;5;-1;5;-1;0;1;0;0;30;0;2;1;0;0;1
89;9;5;4;7;2;1;0;0;0;30;0;3;0;1;0;1
89;8;5;3;7;1;1;0;0;0;30;0;3;0;0;0;1
89;2;3;-1;3;-1;0;1;0;0;30;0;1;0;0;0;1
89;7;5;2;5;2;1;0;0;0;30;0;2;1;0;0;1
89;6;5;1;5;1;0;1;0;0;30;0;2;1;1;0;1
89;9;5;4;7;2;1;0;0;0;30;0;3;1;1;0;1
90;4;3;1;3;1;1;0;0;0;26;1;1;1;0;0;0
90;1;3;-2;3;-2;0;1;0;0;26;1;1;1;0;0;0
90;10;5;5;5;5;1;0;0;0;26;1;2;0;1;0;0
90;6;5;1;7;-1;0;1;0;0;26;1;3;0;1;0;0
90;7;3;4;3;4;1;0;0;0;26;1;1;1;1;0;0
90;7;5;2;5;2;0;1;0;0;26;1;2;0;1;0;0
90;9;5;4;7;2;1;0;0;0;26;1;3;1;0;0;0
90;7;5;2;7;0;0;1;0;0;26;1;3;1;0;0;0
90;4;3;1;3;1;0;1;0;0;26;1;1;1;1;0;0
90;4;3;1;3;1;1;0;0;0;26;1;1;0;0;0;0
90;2;5;-3;5;-3;0;1;0;0;26;1;2;0;0;0;0
90;10;5;5;5;5;1;0;0;0;26;1;2;1;1;0;0
90;7;3;4;3;4;1;0;0;0;26;1;1;0;1;0;0
90;7;5;2;5;2;1;0;0;0;26;1;2;0;0;0;0
90;5;5;0;7;-2;0;1;0;0;26;1;3;0;0;0;0
90;3;5;-2;7;-4;0;1;0;0;26;1;3;1;1;0;0
90;2;3;-1;3;-1;0;1;0;0;26;1;1;0;1;0;0
90;4;5;-1;5;-1;0;1;0;0;26;1;2;1;0;0;0
90;9;5;4;7;2;1;0;0;0;26;1;3;0;0;0;0
90;10;5;5;7;3;1;0;0;0;26;1;3;0;1;0;0
90;3;3;0;3;0;0;1;0;0;26;1;1;0;0;0;0
90;8;5;3;5;3;1;0;0;0;26;1;2;1;0;0;0
90;2;5;-3;5;-3;0;1;0;0;26;1;2;1;1;0;0
90;10;5;5;7;3;1;0;0;0;26;1;3;1;1;0;0
91;5;3;2;3;2;1;0;0;0;26;1;1;1;0;0;0
91;0;3;-3;3;-3;0;1;0;0;26;1;1;1;0;0;0
91;6;5;1;5;1;1;0;0;0;26;1;2;0;1;0;0
91;7;5;2;7;0;0;1;0;0;26;1;3;0;1;0;0
91;4;3;1;3;1;1;0;0;0;26;1;1;1;1;0;0
91;4;5;-1;5;-1;0;1;0;0;26;1;2;0;1;0;0
91;8;5;3;7;1;1;0;0;0;26;1;3;1;0;0;0
91;7;5;2;7;0;0;1;0;0;26;1;3;1;0;0;0
91;1;3;-2;3;-2;0;1;0;0;26;1;1;1;1;0;0
91;6;3;3;3;3;1;0;0;0;26;1;1;0;0;0;0
91;3;5;-2;5;-2;0;1;0;0;26;1;2;0;0;0;0
91;6;5;1;5;1;1;0;0;0;26;1;2;1;1;0;0
91;4;3;1;3;1;1;0;0;0;26;1;1;0;1;0;0
91;7;5;2;5;2;1;0;0;0;26;1;2;0;0;0;0
91;6;5;1;7;-1;0;1;0;0;26;1;3;0;0;0;0
91;5;5;0;7;-2;0;1;0;0;26;1;3;1;1;0;0
91;1;3;-2;3;-2;0;1;0;0;26;1;1;0;1;0;0
91;3;5;-2;5;-2;0;1;0;0;26;1;2;1;0;0;0
91;8;5;3;7;1;1;0;0;0;26;1;3;0;0;0;0
91;7;5;2;7;0;1;0;0;0;26;1;3;0;1;0;0
91;1;3;-2;3;-2;0;1;0;0;26;1;1;0;0;0;0
91;5;5;0;5;0;1;0;0;0;26;1;2;1;0;0;0
91;3;5;-2;5;-2;0;1;0;0;26;1;2;1;1;0;0
91;7;5;2;7;0;1;0;0;0;26;1;3;1;1;0;0
92;1;3;-2;3;-2;0;1;0;0;21;0;1;1;0;0;0
92;4;3;1;3;1;1;0;0;0;21;0;1;1;0;0;0
92;7;5;2;5;2;1;0;0;0;21;0;2;0;1;0;0
92;4;5;-1;7;-3;0;1;0;0;21;0;3;0;1;0;0
92;8;3;5;3;5;1;0;0;0;21;0;1;1;1;0;0
92;3;5;-2;5;-2;0;1;0;0;21;0;2;0;1;0;0
92;2;5;-3;7;-5;0;1;0;0;21;0;3;1;0;0;0
92;8;5;3;7;1;1;0;0;0;21;0;3;1;0;0;0
92;6;3;3;3;3;1;0;0;0;21;0;1;0;0;0;0
92;1;3;-2;3;-2;0;1;0;0;21;0;1;1;1;0;0
92;8;5;3;5;3;1;0;0;0;21;0;2;1;1;0;0
92;2;5;-3;5;-3;0;1;0;0;21;0;2;0;0;0;0
92;10;3;7;3;7;1;0;0;0;21;0;1;0;1;0;0
92;6;5;1;5;1;1;0;0;0;21;0;2;0;0;0;0
92;5;5;0;7;-2;0;1;0;0;21;0;3;0;0;0;0
92;6;5;1;7;-1;0;1;0;0;21;0;3;1;1;0;0
92;3;3;0;3;0;0;1;0;0;21;0;1;0;1;0;0
92;1;5;-4;5;-4;0;1;0;0;21;0;2;1;0;0;0
92;9;5;4;7;2;1;0;0;0;21;0;3;0;1;0;0
92;8;5;3;7;1;1;0;0;0;21;0;3;0;0;0;0
92;0;3;-3;3;-3;0;1;0;0;21;0;1;0;0;0;0
92;5;5;0;5;0;0;1;0;0;21;0;2;1;1;0;0
92;6;5;1;5;1;1;0;0;0;21;0;2;1;0;0;0
92;10;5;5;7;3;1;0;0;0;21;0;3;1;1;0;0
93;4;3;1;3;1;1;0;0;1;30;1;1;1;0;0;1
93;3;3;0;3;0;0;1;0;1;30;1;1;1;0;0;1
93;7;5;2;5;2;1;0;0;1;30;1;2;0;1;0;1
93;7;5;2;7;0;0;1;0;1;30;1;3;0;1;0;1
93;5;3;2;3;2;1;0;0;1;30;1;1;1;1;0;1
93;7;5;2;5;2;0;1;0;1;30;1;2;0;1;0;1
93;7;5;2;7;0;1;0;0;1;30;1;3;1;0;0;1
93;6;5;1;7;-1;0;1;0;1;30;1;3;1;0;0;1
93;6;3;3;3;3;0;1;0;1;30;1;1;1;1;0;1
93;4;3;1;3;1;1;0;0;1;30;1;1;0;0;0;1
93;4;5;-1;5;-1;0;1;0;1;30;1;2;0;0;0;1
93;7;5;2;5;2;1;0;0;1;30;1;2;1;1;0;1
93;5;3;2;3;2;1;0;0;1;30;1;1;0;1;0;1
93;6;5;1;5;1;1;0;0;1;30;1;2;0;0;0;1
93;8;5;3;7;1;0;1;0;1;30;1;3;1;1;0;1
93;7;5;2;7;0;0;1;0;1;30;1;3;0;0;0;1
93;6;3;3;3;3;0;1;0;1;30;1;1;0;1;0;1
93;3;5;-2;5;-2;0;1;0;1;30;1;2;1;0;0;1
93;7;5;2;7;0;1;0;0;1;30;1;3;0;0;0;1
93;8;5;3;7;1;1;0;0;1;30;1;3;0;1;0;1
93;2;3;-1;3;-1;0;1;0;1;30;1;1;0;0;0;1
93;7;5;2;5;2;0;1;0;1;30;1;2;1;1;0;1
93;6;5;1;5;1;1;0;0;1;30;1;2;1;0;0;1
93;9;5;4;7;2;1;0;0;1;30;1;3;1;1;0;1
94;2;3;-1;3;-1;1;0;1;0;28;0;1;1;0;0;1
94;1;3;-2;3;-2;0;1;1;0;28;0;1;1;0;0;1
94;8;5;3;5;3;1;0;1;0;28;0;2;0;1;1;1
94;6;5;1;7;-1;0;1;1;0;28;0;3;0;1;1;1
94;7;3;4;3;4;1;0;1;0;28;0;1;1;1;1;1
94;6;5;1;5;1;0;1;1;0;28;0;2;0;1;1;1
94;9;5;4;7;2;1;0;1;0;28;0;3;1;0;0;1
94;9;5;4;7;2;0;1;1;0;28;0;3;1;0;0;1
94;2;3;-1;3;-1;0;1;1;0;28;0;1;1;1;1;1
94;4;3;1;3;1;1;0;1;0;28;0;1;0;0;0;1
94;4;5;-1;5;-1;0;1;1;0;28;0;2;0;0;0;1
94;8;5;3;5;3;1;0;1;0;28;0;2;1;1;1;1
94;7;3;4;3;4;1;0;1;0;28;0;1;0;1;1;1
94;5;5;0;5;0;1;0;1;0;28;0;2;0;0;0;1
94;7;5;2;7;0;0;1;1;0;28;0;3;0;0;0;1
94;7;5;2;7;0;0;1;1;0;28;0;3;1;1;1;1
94;2;3;-1;3;-1;0;1;1;0;28;0;1;0;1;1;1
94;4;5;-1;5;-1;0;1;1;0;28;0;2;1;0;0;1
94;9;5;4;7;2;1;0;1;0;28;0;3;0;0;0;1
94;10;5;5;7;3;1;0;1;0;28;0;3;0;1;1;1
94;1;3;-2;3;-2;0;1;1;0;28;0;1;0;0;0;1
94;5;5;0;5;0;1;0;1;0;28;0;2;1;0;0;1
94;4;5;-1;5;-1;0;1;1;0;28;0;2;1;1;1;1
94;10;5;5;7;3;1;0;1;0;28;0;3;1;1;1;1
95;4;3;1;3;1;1;0;0;0;26;0;1;1;0;0;0
95;3;3;0;3;0;0;1;0;0;26;0;1;1;0;0;0
95;7;5;2;5;2;1;0;0;0;26;0;2;0;1;0;0
95;6;5;1;7;-1;0;1;0;0;26;0;3;0;1;0;0
95;6;3;3;3;3;1;0;0;0;26;0;1;1;1;0;0
95;4;5;-1;5;-1;0;1;0;0;26;0;2;0;1;0;0
95;5;5;0;7;-2;0;1;0;0;26;0;3;1;0;0;0
95;7;5;2;7;0;1;0;0;0;26;0;3;1;0;0;0
95;3;3;0;3;0;0;1;0;0;26;0;1;1;1;0;0
95;5;3;2;3;2;1;0;0;0;26;0;1;0;0;0;0
95;7;5;2;5;2;1;0;0;0;26;0;2;1;1;0;0
95;4;5;-1;5;-1;0;1;0;0;26;0;2;0;0;0;0
95;5;3;2;3;2;1;0;0;0;26;0;1;0;1;0;0
95;5;5;0;5;0;1;0;0;0;26;0;2;0;0;0;0
95;6;5;1;7;-1;0;1;0;0;26;0;3;0;0;0;0
95;7;5;2;7;0;0;1;0;0;26;0;3;1;1;0;0
95;2;3;-1;3;-1;0;1;0;0;26;0;1;0;1;0;0
95;3;5;-2;5;-2;0;1;0;0;26;0;2;1;0;0;0
95;9;5;4;7;2;1;0;0;0;26;0;3;0;1;0;0
95;8;5;3;7;1;1;0;0;0;26;0;3;0;0;0;0
95;2;3;-1;3;-1;0;1;0;0;26;0;1;0;0;0;0
95;5;5;0;5;0;0;1;0;0;26;0;2;1;1;0;0
95;6;5;1;5;1;1;0;0;0;26;0;2;1;0;0;0
95;8;5;3;7;1;1;0;0;0;26;0;3;1;1;0;0
96;3;3;0;3;0;0;1;0;0;20;1;1;1;0;0;0
96;3;3;0;3;0;1;0;0;0;20;1;1;1;0;0;0
96;8;5;3;5;3;1;0;0;0;20;1;2;0;1;0;0
96;5;5;0;7;-2;0;1;0;0;20;1;3;0;1;0;0
96;4;3;1;3;1;1;0;0;0;20;1;1;1;1;0;0
96;7;5;2;5;2;0;1;0;0;20;1;2;0;1;0;0
96;5;5;0;7;-2;0;1;0;0;20;1;3;1;0;0;0
96;7;5;2;7;0;1;0;0;0;20;1;3;1;0;0;0
96;4;3;1;3;1;0;1;0;0;20;1;1;1;1;0;0
96;3;3;0;3;0;1;0;0;0;20;1;1;0;0;0;0
96;4;5;-1;5;-1;0;1;0;0;20;1;2;0;0;0;0
96;9;5;4;5;4;1;0;0;0;20;1;2;1;1;0;0
96;6;3;3;3;3;1;0;0;0;20;1;1;0;1;0;0
96;6;5;1;5;1;1;0;0;0;20;1;2;0;0;0;0
96;5;5;0;7;-2;0;1;0;0;20;1;3;0;0;0;0
96;7;5;2;7;0;0;1;0;0;20;1;3;1;1;0;0
96;1;3;-2;3;-2;0;1;0;0;20;1;1;0;1;0;0
96;0;5;-5;5;-5;0;1;0;0;20;1;2;1;0;0;0
96;7;5;2;7;0;1;0;0;0;20;1;3;0;1;0;0
96;8;5;3;7;1;1;0;0;0;20;1;3;0;0;0;0
96;2;3;-1;3;-1;0;1;0;0;20;1;1;0;0;0;0
96;2;5;-3;5;-3;1;0;0;0;20;1;2;1;0;0;0
96;1;5;-4;5;-4;0;1;0;0;20;1;2;1;1;0;0
96;6;5;1;7;-1;1;0;0;0;20;1;3;1;1;0;0
97;5;3;2;3;2;1;0;0;0;27;0;1;1;0;0;1
97;7;3;4;3;4;0;1;0;0;27;0;1;1;0;0;1
97;5;5;0;5;0;1;0;0;0;27;0;2;0;1;0;1
97;6;5;1;7;-1;0;1;0;0;27;0;3;0;1;0;1
97;4;3;1;3;1;1;0;0;0;27;0;1;1;1;0;1
97;5;5;0;5;0;0;1;0;0;27;0;2;0;1;0;1
97;7;5;2;7;0;1;0;0;0;27;0;3;1;0;0;1
97;8;5;3;7;1;0;1;0;0;27;0;3;1;0;0;1
97;5;3;2;3;2;1;0;0;0;27;0;1;0;0;0;1
97;4;3;1;3;1;0;1;0;0;27;0;1;1;1;0;1
97;7;5;2;5;2;0;1;0;0;27;0;2;0;0;0;1
97;5;5;0;5;0;1;0;0;0;27;0;2;1;1;0;1
97;4;3;1;3;1;1;0;0;0;27;0;1;0;1;0;1
97;6;5;1;5;1;1;0;0;0;27;0;2;0;0;0;1
97;8;5;3;7;1;0;1;0;0;27;0;3;0;0;0;1
97;6;5;1;7;-1;0;1;0;0;27;0;3;1;1;0;1
97;4;3;1;3;1;0;1;0;0;27;0;1;0;1;0;1
97;6;5;1;5;1;0;1;0;0;27;0;2;1;0;0;1
97;7;5;2;7;0;1;0;0;0;27;0;3;0;0;0;1
97;6;5;1;7;-1;1;0;0;0;27;0;3;0;1;0;1
97;6;3;3;3;3;0;1;0;0;27;0;1;0;0;0;1
97;5;5;0;5;0;0;1;0;0;27;0;2;1;1;0;1
97;6;5;1;5;1;1;0;0;0;27;0;2;1;0;0;1
97;6;5;1;7;-1;1;0;0;0;27;0;3;1;1;0;1
98;4;3;1;3;1;1;0;0;0;34;0;1;1;0;0;1
98;4;3;1;3;1;0;1;0;0;34;0;1;1;0;0;1
98;5;5;0;5;0;1;0;0;0;34;0;2;0;1;0;1
98;4;5;-1;7;-3;0;1;0;0;34;0;3;0;1;0;1
98;5;3;2;3;2;1;0;0;0;34;0;1;1;1;0;1
98;4;5;-1;5;-1;0;1;0;0;34;0;2;0;1;0;1
98;4;5;-1;7;-3;0;1;0;0;34;0;3;1;0;0;1
98;5;5;0;7;-2;1;0;0;0;34;0;3;1;0;0;1
98;4;3;1;3;1;0;1;0;0;34;0;1;1;1;0;1
98;4;3;1;3;1;1;0;0;0;34;0;1;0;0;0;1
98;5;5;0;5;0;1;0;0;0;34;0;2;1;1;0;1
98;4;5;-1;5;-1;0;1;0;0;34;0;2;0;0;0;1
98;5;3;2;3;2;1;0;0;0;34;0;1;0;1;0;1
98;4;5;-1;5;-1;1;0;0;0;34;0;2;0;0;0;1
98;4;5;-1;7;-3;0;1;0;0;34;0;3;1;1;0;1
98;4;5;-1;7;-3;0;1;0;0;34;0;3;0;0;0;1
98;4;3;1;3;1;0;1;0;0;34;0;1;0;1;0;1
98;4;5;-1;5;-1;0;1;0;0;34;0;2;1;0;0;1
98;5;5;0;7;-2;1;0;0;0;34;0;3;0;1;0;1
98;5;5;0;7;-2;1;0;0;0;34;0;3;0;0;0;1
98;4;3;1;3;1;0;1;0;0;34;0;1;0;0;0;1
98;4;5;-1;5;-1;1;0;0;0;34;0;2;1;0;0;1
98;4;5;-1;5;-1;0;1;0;0;34;0;2;1;1;0;1
98;5;5;0;7;-2;1;0;0;0;34;0;3;1;1;0;1
99;2;3;-1;3;-1;0;1;0;0;20;1;1;1;0;0;1
99;3;3;0;3;0;1;0;0;0;20;1;1;1;0;0;1
99;9;5;4;5;4;1;0;0;0;20;1;2;0;1;0;1
99;6;5;1;7;-1;0;1;0;0;20;1;3;0;1;0;1
99;10;3;7;3;7;1;0;0;0;20;1;1;1;1;0;1
99;6;5;1;5;1;0;1;0;0;20;1;2;0;1;0;1
99;8;5;3;7;1;1;0;0;0;20;1;3;1;0;0;1
99;4;5;-1;7;-3;0;1;0;0;20;1;3;1;0;0;1
99;1;3;-2;3;-2;0;1;0;0;20;1;1;1;1;0;1
99;4;3;1;3;1;1;0;0;0;20;1;1;0;0;0;1
99;10;5;5;5;5;1;0;0;0;20;1;2;1;1;0;1
99;3;5;-2;5;-2;0;1;0;0;20;1;2;0;0;0;1
99;10;3;7;3;7;1;0;0;0;20;1;1;0;1;0;1
99;6;5;1;5;1;1;0;0;0;20;1;2;0;0;0;1
99;5;5;0;7;-2;0;1;0;0;20;1;3;0;0;0;1
99;5;5;0;7;-2;0;1;0;0;20;1;3;1;1;0;1
99;4;3;1;3;1;0;1;0;0;20;1;1;0;1;0;1
99;4;5;-1;5;-1;0;1;0;0;20;1;2;1;0;0;1
99;8;5;3;7;1;1;0;0;0;20;1;3;0;0;0;1
99;10;5;5;7;3;1;0;0;0;20;1;3;0;1;0;1
99;2;3;-1;3;-1;0;1;0;0;20;1;1;0;0;0;1
99;6;5;1;5;1;1;0;0;0;20;1;2;1;0;0;1
99;3;5;-2;5;-2;0;1;0;0;20;1;2;1;1;0;1
99;10;5;5;7;3;1;0;0;0;20;1;3;1;1;0;1
100;3;3;0;3;0;1;0;1;0;23;0;1;1;0;0;1
100;2;3;-1;3;-1;0;1;1;0;23;0;1;1;0;0;1
100;10;5;5;5;5;1;0;1;0;23;0;2;0;1;1;1
100;6;5;1;7;-1;0;1;1;0;23;0;3;0;1;1;1
100;10;3;7;3;7;1;0;1;0;23;0;1;1;1;1;1
100;4;5;-1;5;-1;0;1;1;0;23;0;2;0;1;1;1
100;8;5;3;7;1;1;0;1;0;23;0;3;1;0;0;1
100;4;5;-1;7;-3;0;1;1;0;23;0;3;1;0;0;1
100;3;3;0;3;0;0;1;1;0;23;0;1;1;1;1;1
100;6;3;3;3;3;1;0;1;0;23;0;1;0;0;0;1
100;10;5;5;5;5;1;0;1;0;23;0;2;1;1;1;1
100;3;5;-2;5;-2;0;1;1;0;23;0;2;0;0;0;1
100;10;3;7;3;7;1;0;1;0;23;0;1;0;1;1;1
100;6;5;1;5;1;1;0;1;0;23;0;2;0;0;0;1
100;5;5;0;7;-2;0;1;1;0;23;0;3;1;1;1;1
100;5;5;0;7;-2;0;1;1;0;23;0;3;0;0;0;1
100;2;3;-1;3;-1;0;1;1;0;23;0;1;0;1;1;1
100;4;5;-1;5;-1;0;1;1;0;23;0;2;1;0;0;1
100;10;5;5;7;3;1;0;1;0;23;0;3;0;1;1;1
100;9;5;4;7;2;1;0;1;0;23;0;3;0;0;0;1
100;1;3;-2;3;-2;0;1;1;0;23;0;1;0;0;0;1
100;6;5;1;5;1;1;0;1;0;23;0;2;1;0;0;1
100;5;5;0;5;0;0;1;1;0;23;0;2;1;1;1;1
100;10;5;5;7;3;1;0;1;0;23;0;3;1;1;1;1
101;6;3;3;3;3;1;0;1;0;23;0;1;1;0;0;1
101;2;3;-1;3;-1;0;1;1;0;23;0;1;1;0;0;1
101;10;5;5;5;5;1;0;1;0;23;0;2;0;1;1;1
101;6;5;1;7;-1;0;1;1;0;23;0;3;0;1;1;1
101;10;3;7;3;7;1;0;1;0;23;0;1;1;1;1;1
101;5;5;0;5;0;0;1;1;0;23;0;2;0;1;1;1
101;9;5;4;7;2;1;0;1;0;23;0;3;1;0;0;1
101;5;5;0;7;-2;0;1;1;0;23;0;3;1;0;0;1
101;6;3;3;3;3;1;0;1;0;23;0;1;0;0;0;1
101;3;3;0;3;0;0;1;1;0;23;0;1;1;1;1;1
101;3;5;-2;5;-2;0;1;1;0;23;0;2;0;0;0;1
101;8;5;3;5;3;1;0;1;0;23;0;2;1;1;1;1
101;8;3;5;3;5;1;0;1;0;23;0;1;0;1;1;1
101;8;5;3;5;3;1;0;1;0;23;0;2;0;0;0;1
101;5;5;0;7;-2;0;1;1;0;23;0;3;0;0;0;1
101;6;5;1;7;-1;0;1;1;0;23;0;3;1;1;1;1
101;3;3;0;3;0;0;1;1;0;23;0;1;0;1;1;1
101;2;5;-3;5;-3;0;1;1;0;23;0;2;1;0;0;1
101;9;5;4;7;2;1;0;1;0;23;0;3;0;0;0;1
101;10;5;5;7;3;1;0;1;0;23;0;3;0;1;1;1
101;2;3;-1;3;-1;0;1;1;0;23;0;1;0;0;0;1
101;7;5;2;5;2;1;0;1;0;23;0;2;1;0;0;1
101;5;5;0;5;0;0;1;1;0;23;0;2;1;1;1;1
101;9;5;4;7;2;1;0;1;0;23;0;3;1;1;1;1
102;5;3;2;3;2;1;0;1;0;22;0;1;1;0;0;0
102;2;3;-1;3;-1;0;1;1;0;22;0;1;1;0;0;0
102;8;5;3;5;3;1;0;1;0;22;0;2;0;1;1;0
102;6;5;1;7;-1;0;1;1;0;22;0;3;0;1;1;0
102;7;3;4;3;4;1;0;1;0;22;0;1;1;1;1;0
102;5;5;0;5;0;0;1;1;0;22;0;2;0;1;1;0
102;5;5;0;7;-2;0;1;1;0;22;0;3;1;0;0;0
102;8;5;3;7;1;1;0;1;0;22;0;3;1;0;0;0
102;4;3;1;3;1;0;1;1;0;22;0;1;1;1;1;0
102;5;3;2;3;2;1;0;1;0;22;0;1;0;0;0;0
102;8;5;3;5;3;1;0;1;0;22;0;2;1;1;1;0
102;3;5;-2;5;-2;0;1;1;0;22;0;2;0;0;0;0
102;6;3;3;3;3;1;0;1;0;22;0;1;0;1;1;0
102;7;5;2;5;2;1;0;1;0;22;0;2;0;0;0;0
102;6;5;1;7;-1;0;1;1;0;22;0;3;1;1;1;0
102;5;5;0;7;-2;0;1;1;0;22;0;3;0;0;0;0
102;3;3;0;3;0;0;1;1;0;22;0;1;0;1;1;0
102;2;5;-3;5;-3;0;1;1;0;22;0;2;1;0;0;0
102;10;5;5;7;3;1;0;1;0;22;0;3;0;1;1;0
102;8;5;3;7;1;1;0;1;0;22;0;3;0;0;0;0
102;1;3;-2;3;-2;0;1;1;0;22;0;1;0;0;0;0
102;7;5;2;5;2;1;0;1;0;22;0;2;1;0;0;0
102;6;5;1;5;1;0;1;1;0;22;0;2;1;1;1;0
102;9;5;4;7;2;1;0;1;0;22;0;3;1;1;1;0
103;2;3;-1;3;-1;0;1;0;0;61;0;1;1;0;0;0
103;2;3;-1;3;-1;1;0;0;0;61;0;1;1;0;0;0
103;2;5;-3;5;-3;1;0;0;0;61;0;2;0;1;0;0
103;8;5;3;7;1;0;1;0;0;61;0;3;0;1;0;0
103;2;3;-1;3;-1;1;0;0;0;61;0;1;1;1;0;0
103;6;5;1;5;1;0;1;0;0;61;0;2;0;1;0;0
103;8;5;3;7;1;0;1;0;0;61;0;3;1;0;0;0
103;9;5;4;7;2;1;0;0;0;61;0;3;1;0;0;0
103;5;3;2;3;2;1;0;0;0;61;0;1;0;0;0;0
103;2;3;-1;3;-1;0;1;0;0;61;0;1;1;1;0;0
103;3;5;-2;5;-2;1;0;0;0;61;0;2;1;1;0;0
103;5;5;0;5;0;0;1;0;0;61;0;2;0;0;0;0
103;3;3;0;3;0;1;0;0;0;61;0;1;0;1;0;0
103;4;5;-1;5;-1;1;0;0;0;61;0;2;0;0;0;0
103;9;5;4;7;2;0;1;0;0;61;0;3;0;0;0;0
103;8;5;3;7;1;0;1;0;0;61;0;3;1;1;0;0
103;5;3;2;3;2;0;1;0;0;61;0;1;0;1;0;0
103;5;5;0;5;0;0;1;0;0;61;0;2;1;0;0;0
103;8;5;3;7;1;1;0;0;0;61;0;3;0;0;0;0
103;7;5;2;7;0;1;0;0;0;61;0;3;0;1;0;0
103;2;3;-1;3;-1;0;1;0;0;61;0;1;0;0;0;0
103;3;5;-2;5;-2;1;0;0;0;61;0;2;1;0;0;0
103;5;5;0;5;0;0;1;0;0;61;0;2;1;1;0;0
103;8;5;3;7;1;1;0;0;0;61;0;3;1;1;0;0
104;2;3;-1;3;-1;0;1;0;0;54;1;1;1;0;0;1
104;2;3;-1;3;-1;1;0;0;0;54;1;1;1;0;0;1
104;2;5;-3;5;-3;1;0;0;0;54;1;2;0;1;0;1
104;5;5;0;7;-2;0;1;0;0;54;1;3;0;1;0;1
104;2;3;-1;3;-1;1;0;0;0;54;1;1;1;1;0;1
104;3;5;-2;5;-2;0;1;0;0;54;1;2;0;1;0;1
104;7;5;2;7;0;0;1;0;0;54;1;3;1;0;0;1
104;6;5;1;7;-1;1;0;0;0;54;1;3;1;0;0;1
104;2;3;-1;3;-1;0;1;0;0;54;1;1;1;1;0;1
104;2;3;-1;3;-1;1;0;0;0;54;1;1;0;0;0;1
104;3;5;-2;5;-2;0;1;0;0;54;1;2;0;0;0;1
104;4;5;-1;5;-1;1;0;0;0;54;1;2;1;1;0;1
104;5;3;2;3;2;1;0;0;0;54;1;1;0;1;0;1
104;3;5;-2;5;-2;1;0;0;0;54;1;2;0;0;0;1
104;5;5;0;7;-2;0;1;0;0;54;1;3;1;1;0;1
104;6;5;1;7;-1;0;1;0;0;54;1;3;0;0;0;1
104;2;3;-1;3;-1;0;1;0;0;54;1;1;0;1;0;1
104;3;5;-2;5;-2;0;1;0;0;54;1;2;1;0;0;1
104;8;5;3;7;1;1;0;0;0;54;1;3;0;1;0;1
104;6;5;1;7;-1;1;0;0;0;54;1;3;0;0;0;1
104;2;3;-1;3;-1;0;1;0;0;54;1;1;0;0;0;1
104;4;5;-1;5;-1;1;0;0;0;54;1;2;1;0;0;1
104;3;5;-2;5;-2;0;1;0;0;54;1;2;1;1;0;1
104;8;5;3;7;1;1;0;0;0;54;1;3;1;1;0;1
105;4;3;1;3;1;1;0;0;0;27;0;1;1;0;0;1
105;4;3;1;3;1;0;1;0;0;27;0;1;1;0;0;1
105;7;5;2;5;2;1;0;0;0;27;0;2;0;1;0;1
105;7;5;2;7;0;0;1;0;0;27;0;3;0;1;0;1
105;6;3;3;3;3;1;0;0;0;27;0;1;1;1;0;1
105;8;5;3;5;3;0;1;0;0;27;0;2;0;1;0;1
105;7;5;2;7;0;0;1;0;0;27;0;3;1;0;0;1
105;6;5;1;7;-1;1;0;0;0;27;0;3;1;0;0;1
105;5;3;2;3;2;0;1;0;0;27;0;1;1;1;0;1
105;2;3;-1;3;-1;1;0;0;0;27;0;1;0;0;0;1
105;7;5;2;5;2;0;1;0;0;27;0;2;0;0;0;1
105;8;5;3;5;3;1;0;0;0;27;0;2;1;1;0;1
105;7;3;4;3;4;1;0;0;0;27;0;1;0;1;0;1
105;4;5;-1;5;-1;1;0;0;0;27;0;2;0;0;0;1
105;8;5;3;7;1;0;1;0;0;27;0;3;0;0;0;1
105;8;5;3;7;1;0;1;0;0;27;0;3;1;1;0;1
105;7;3;4;3;4;0;1;0;0;27;0;1;0;1;0;1
105;6;5;1;5;1;0;1;0;0;27;0;2;1;0;0;1
105;8;5;3;7;1;1;0;0;0;27;0;3;0;0;0;1
105;9;5;4;7;2;1;0;0;0;27;0;3;0;1;0;1
105;3;3;0;3;0;0;1;0;0;27;0;1;0;0;0;1
105;7;5;2;5;2;0;1;0;0;27;0;2;1;1;0;1
105;7;5;2;5;2;1;0;0;0;27;0;2;1;0;0;1
105;8;5;3;7;1;1;0;0;0;27;0;3;1;1;0;1
106;5;3;2;3;2;1;0;0;0;28;1;1;1;0;0;0
106;2;3;-1;3;-1;0;1;0;0;28;1;1;1;0;0;0
106;7;5;2;5;2;1;0;0;0;28;1;2;0;1;0;0
106;6;5;1;7;-1;0;1;0;0;28;1;3;0;1;0;0
106;4;3;1;3;1;1;0;0;0;28;1;1;1;1;0;0
106;5;5;0;5;0;0;1;0;0;28;1;2;0;1;0;0
106;6;5;1;7;-1;0;1;0;0;28;1;3;1;0;0;0
106;7;5;2;7;0;1;0;0;0;28;1;3;1;0;0;0
106;2;3;-1;3;-1;0;1;0;0;28;1;1;1;1;0;0
106;6;3;3;3;3;1;0;0;0;28;1;1;0;0;0;0
106;4;5;-1;5;-1;0;1;0;0;28;1;2;0;0;0;0
106;7;5;2;5;2;1;0;0;0;28;1;2;1;1;0;0
106;7;3;4;3;4;1;0;0;0;28;1;1;0;1;0;0
106;7;5;2;5;2;1;0;0;0;28;1;2;0;0;0;0
106;6;5;1;7;-1;0;1;0;0;28;1;3;0;0;0;0
106;4;5;-1;7;-3;0;1;0;0;28;1;3;1;1;0;0
106;2;3;-1;3;-1;0;1;0;0;28;1;1;0;1;0;0
106;4;5;-1;5;-1;0;1;0;0;28;1;2;1;0;0;0
106;8;5;3;7;1;1;0;0;0;28;1;3;0;0;0;0
106;8;5;3;7;1;1;0;0;0;28;1;3;0;1;0;0
106;2;3;-1;3;-1;0;1;0;0;28;1;1;0;0;0;0
106;4;5;-1;5;-1;0;1;0;0;28;1;2;1;1;0;0
106;5;5;0;5;0;1;0;0;0;28;1;2;1;0;0;0
106;9;5;4;7;2;1;0;0;0;28;1;3;1;1;0;0
